{
  "context": "server",
  "identifier": "com.pa.ferretmaster.commander-merge",
  "display_name": "Faction Compatibility Mod",
  "description": "A mod that merges commanders for supported factions to allow hosting them together",
  "author": "Ferretmaster",
  "forum": "https://github.com/Ferret-Master/Commander-Merger",
  "version": "1.13",
  "build": "120799",
  "date": "2024-07-24",
  "icon": "https://github.com/Ferret-Master/Commander-Merger/blob/main/Faction_Merger.png?raw=true",
  "signature": "not yet implemented",
  "priority": 90,
  "scenes": {
    "new_game": [
      "coui://ui/mods/commander_merge/new_game/commander-merge.js",
      "coui://ui/mods/commander_merge/new_game/new_game.js"
    ]
  },
  "category": [
    "ui",
    "titans",
    "in-game"
  ]
}
