{
	"base_spec": "/pa/units/assimilation/commanders/a_base/a_base.json",
	"display_name": "Not Armalisk Commander",
	"description": "Quadruped Not Armalisk Commander.   \"Armalisk? No no, I haven't seen them anywhere, but I shall tell you whenever I see such a character\"",
	"attachable": {
		"offsets": {
			"root": [
				0,
				0,
				0
			],
			"head": [
				0,
				0.8,
				12
			]
		}
	},
	"model": {
		"filename": "/pa/units/commanders/quad_armalisk/quad_armalisk.papa",
		"animations": {
            "walk": "/pa/units/commanders/quad_base/quad_base_anim_walk.papa",
            "idle": "/pa/units/commanders/quad_base/quad_base_anim_idle.papa",
            "walk_stop": "/pa/units/commanders/quad_base/quad_base_anim_walkStop.papa",
            "aim_up": "/pa/units/commanders/quad_base/quad_base_anim_aimUp.papa",
            "aim_down": "/pa/units/commanders/quad_base/quad_base_anim_aimDown.papa"
        },
        "animtree": "/pa/anim/anim_trees/commander_quad_anim_tree.json",
        "walk_speed": 5.0
	},
	"headlights": [
		{
			"gobo": "/pa/effects/textures/gobo/spotlight_gobo.papa",
			"offset": [
				0.0,
				-1.2,
				4.3
			],
			"orientation": [
				0.0,
				45.0,
				0.0
			],
			"near_width": 5.0,
			"near_height": 5.0,
			"near_distance": 3.0,
			"far_distance": 30.0,
			"color": [
				1.0,
				1.0,
				1.0
			],
			"intensity": 6.0,
			"bone": "bone_spine",
			"shadow_resolution": 128
		}
	],
	"lamps": [
		{
			"offset": [
				0.0,
				-1.2,
				4.3
			],
			"radius": 2.0,
			"color": [
				1.0,
				1.0,
				1.0
			],
			"intensity": 5.0,
			"bone": "bone_spine"
		},
		{
			"offset": [
				0.0,
				-5.672,
				1.33
			],
			"radius": 4.0,
			"color": [
				0.4,
				1.0,
				0.01
			],
			"intensity": 2.0,
			"bone": "bone_leftShoulder"
		}
	],
	"tools": [
		{
			"spec_id": "/pa/tools/commander_build_arm/commander_build_arm.json",
			"aim_bone": "bone_turret"
		},
		{
			"spec_id": "/pa/units/commanders/base_commander/base_commander_tool_laser_weapon.json",
			"aim_bone": "bone_turret",
			"muzzle_bone": "socket_rightMuzzle",
			"primary_weapon": true
		},
		{
			"spec_id": "/pa/tools/uber_cannon/uber_cannon.json",
			"aim_bone": "bone_turret",
			"muzzle_bone": "socket_rightMuzzle",
			"secondary_weapon": true
		},
		{
			"spec_id": "/pa/units/commanders/base_commander/base_commander_tool_aa_weapon.json",
			"aim_bone": "bone_turret",
			"muzzle_bone": "socket_rightMuzzle",
			"primary_weapon": false,
			"show_range": false
		},
		{
			"spec_id": "/pa/units/commanders/base_commander/base_commander_tool_torpedo_weapon.json",
			"aim_bone": "bone_turret",
			"muzzle_bone": "socket_rightMuzzle",
			"primary_weapon": false,
			"show_range": false
		}
	],
	"catalog_object_name": "NotArmalisk",
	"kickstarter_backer": "SacrificialLamb",
	"client": {
		"ui": {
			"image": "/ui/main/shared/img/commanders/img_quad_not_armalisk.png",
			"thumb_image": "/ui/main/shared/img/commanders/thumbs/img_quad_not_armalisk_thumb.png",
			"profile_image": "/ui/main/shared/img/commanders/profiles/profile_quad_not_armalisk.png"
		}
	}
}