{
  "build_list": [
    {
      "name": "gwaio_upgrade_leveler - Advanced Laser Tank - UC",
      "to_build": "AdvancedLaserTank",
      "instance_count": -1,
      "max_num_assisters": 15,
      "priority": 100,
      "builders": ["UnitCannon"],
      "build_conditions": [
        [
          {
            "test_type": "HasPersonalityTag",
            "string0": "queller",
            "boolean": true
          }
        ],
        [
          {
            "test_type": "CanAffordBuildDemand"
          }
        ]
      ]
    }
  ]
}
