{
  "build_list": [
    {
      "name": "gwaio_upgrade_airfactory - Advanced Air Fabber",
      "to_build": "AdvancedAirFabber",
      "instance_count": 1,
      "max_num_assisters": 15,
      "priority": 200,
      "builders": ["BasicAirFactory"],
      "build_conditions": [
        [
          {
            "test_type": "HaveEcoForAdvanced",
            "boolean": true
          },
          {
            "test_type": "BaseThreatened",
            "boolean": false
          },
          {
            "test_type": "CanAffordBuildDemand"
          },
          {
            "test_type": "NeedAdvancedAirFabber"
          },
          {
            "test_type": "CanAffordPotentialDrain",
            "string0": "AdvancedAirFabber"
          }
        ],
        [
          {
            "test_type": "HaveEcoForAdvanced",
            "boolean": true
          },
          {
            "test_type": "BaseThreatened",
            "boolean": false
          },
          {
            "test_type": "UnitCountOnPlanet",
            "unit_type_string0": "Fabber & Advanced - Orbital",
            "compare0": "<",
            "value0": 1
          }
        ]
      ]
    }
  ]
}
