{
  "context": "client",
  "identifier": "com.exodusesports.tournamentmappack",
  "display_name": "eXodus eSports Map Pack",
  "description": "A hand-picked selection of the best maps the community has to offer. Maps are divided between 1v1, 2v2, 3v3+ and FFA. A multiplanetary tab has been added to help people using Shared Systems for Galactic War. The number of custom landing zones a system has is the maximum number of supported armies. Multiple players on a shared army count as one army. Some maps have recommended player counts as well.",
  "author": "AndreasG, Quitch",
  "version": "1.5.2",
  "build": "116982",
  "date": "2023-06-24",
  "signature": " ",
  "forum": "https://steamcommunity.com/app/386070/discussions/0/2656452469255904659/",
  "icon": "https://raw.githubusercontent.com/eXodus-eSports/exodus_esports_tournament_map_pack/develop/images/icon.jpg",
  "category": ["maps", "tournaments", "classic", "titans"],
  "scenes": {
    "load_planet": ["coui://ui/mods/maps/maplist.js"]
  },
  "priority": 100,
  "dependencies": ["com.pa.conundrum.cShareSystems"],
  "github": "https://github.com/eXodus-eSports/exodus_esports_tournament_map_pack"
}
