{
  "context": "client",
  "identifier": "nl.pa.wpmarshall.wpmarshall_map_pack",
  "display_name": "WPMarshall's Map Pack",
  "description": "A map pack containing a variety of maps including Ablegamers Systems, 15P FFA Cosmic Chaos, Seton's Clutch, HEMISPHERIC maps, and the Geography Palette. Also includes a selection of PA's RANKED MAPs made compatible for multiplayer beyond 1v1!",
  "author": "wpmarshall",
  "version": "1.9.1",
  "build": "112314",
  "date": "2024/06/19",
  "signature": "not yet implemented",
  "forum": "https://forums.uberent.com/threads/wpmarshalls-map-pack.71597/",
  "icon": "http://i.imgur.com/YZad3KY.jpg",
  "category": [
	  "map",
	  "pack",
	  "maps",
	  "system",
	  "planets",
	  "marshall",
	  "wpmarshall",	
  "planet",
	  "systems"
    ],
    "load_planet": [
        "coui://ui/mods/wpmarshall/maplist.js"
    ],
	"priority": 100,
    "enabled": true,
    "dependencies": [
        "com.pa.conundrum.cShareSystems"
    ]
}
