{
  "author": "wondible",
  "build": "116400",
  "category": ["gw", "titans"],
  "context": "client",
  "date": "2023/01/08",
  "description": "Uses System Sharing and map packs to populate new Galactic Wars.",
  "display_name": "Shared Systems for galactic war",
  "forum": "https://forums.uberent.com/threads/rel-gw-shared-systems.71533/",
  "icon": "http://wondible.com/pa/icons/gw_shared_systems.png",
  "identifier": "com.wondible.pa.gw_shared_systems",
  "priority": 100,
  "scenes": {
    "gw_start": [
      "coui://ui/mods/gw_shared_systems/gw_start.css",
      "coui://ui/mods/gw_shared_systems/gw_start.js"
    ]
  },
  "signature": "not yet implemented",
  "version": "1.2.5"
}

