{
    "author": "mikeyh",
    "date": "2018-06-19",
    "build": "110069",
    "context": "client",
    "description": "Backport of Titans tutorial for Classic PA without the Titans units and Atlas Titan Commander",
    "display_name": "Community Tutorial for Classic",
    "forum": "https://forums.uberent.com/threads/rel-client-community-tutorial-for-classic-pa.72060/",
    "identifier": "com.pa.mikeyh.classic-tutorial",
    "signature": "not yet implemented",
    "version": "1.0.3",
    "category":
    [
        "ui",
        "classic"
    ],
    "classic": true,
    "classicOnly": true,
    "priority": 100,
    "scenes":
    {
        "start": ["coui://ui/mods/com.pa.mikeyh.classic-tutorial/start.js"]
    },
    "enabled": true,
    "icon": "https://cdn.palobby.com/ui/main/game/matchmaking/img/commander_profile_green.png"
}