{
    "name": "gas_violet",
    "ambient_sound": "/SE/Ambience/Amb_Planet_Gas",
    "base_biome": "/pa/terrain/base/base.json",
    "enable_terrain": false,
    "radius_range": [
        50,
        2000
    ],
    "gas_material": {
        "shader": "gas",
        "textures": {
            "DistortTexture": "/pa/effects/textures/CloudNoise.papa",
            "ColorMapTexture": "/pa/effects/textures/GasGiantColorMap.papa"
        }
    },
    "gas_colors": [
        [
            0.0194,
            0.0497,
            0.1195
        ],
        [
            0.016,
            0.0742,
            0.0561
        ],
        [
            0.0999,
            0.0742,
            0.0212
        ],
        [
            0.2502,
            0.0802,
            0.0273
        ],
        [
            0.0648,
            0.0252,
            0.0123
        ],
        [
            0.0103,
            0.0103,
            0.0648
        ],
        [
            0.0976,
            0.0976,
            0.117
        ]
    ],
    "atmosphere": {
        "color": [
            1.0,
            1.0,
            1.0,
            1.0
        ],
        "hdr_intensity": 2.0,
        "ldr_intensity": 1.0,
        "density": 15.0
    },
    "lighting": {
        "sun": {
            "diffuse": [
                1.0,
                1.0,
                1.0
            ],
            "hdr_intensity": 10.0,
            "ldr_intensity": 4.0
        },
        "ambient": {
            "hdr_intensity": 1.0,
            "ldr_intensity": 1.0,
            "day_intensity_hdr": 1.0,
            "day_intensity_ldr": 1.3,
            "day_sky": [
                0.6,
                0.7,
                1.0
            ],
            "day_ground": [
                0.4,
                0.4,
                0.4
            ],
            "night_intensity_hdr": 1.0,
            "night_intensity_ldr": 1.3,
            "night_sky": [
                0.7,
                0.75,
                1.0
            ],
            "night_ground": [
                0.2,
                0.2,
                0.4
            ]
        }
    }
}