{
    "name": "sandstone",
    "ambient_sound": "/SE/Ambience/Amb_Planet_Earth",
    "enable_features": true,
    "base_biome": "/pa/terrain/base/base.json",
    "biomes": [{
	    "spec": "/pa/terrain/desert/desert.json",
        "temperature": [-1, 1, 2],
        "elevation": [0.2, null, 0.2],
        "water_distance": [60, null, 1]
    }],
    "atmosphere": {
        "color": [0.1, 0.25, 0.45, 0.5],
        "hdr_intensity": 2.0,
        "ldr_intensity": 1.0,
        "density": 20.0
    },
    "lighting": {
        "sun": {
            "diffuse": [0.8, 0.7, 0.4],
            "specular": [0.2, 0.2, 0.2],
            "hdr_intensity": 10.0,
            "ldr_intensity": 4.0
        },
        "ambient": {
            "hdr_intensity": 1.0,
            "ldr_intensity": 1.0,
            "day_intensity_hdr": 1.0,
            "day_intensity_ldr": 1.3,
            "day_sky": [0.6, 0.7, 1.0],
            "day_ground": [0.2, 0.2, 0.4],
            "night_intensity_hdr": 1.0,
            "night_intensity_ldr": 1.3,
            "night_sky": [0.4, 0.5, 1.0],
            "night_ground": [0.2, 0.2, 0.4]
        }
    },
    "water": {
        "shader": "planet_liquid_transparent",
        "textures": {
            "DiffuseTexture": "/pa/effects/textures/water_diffuse.papa",
            "NormalTexture": "/pa/effects/textures/water_normal.papa",
            "DepthColorTexture": "/pa/effects/textures/water_depth_diffuse.papa",
            "NoiseTexture": "/pa/effects/textures/CloudNoise.papa"
        }
    }
}