{
  "build_list": [
    {
      "name": "Artillery - Basic Artillery",
      "to_build": "BasicArtillery",
      "instance_count": 1,
      "min_num_assisters": 2,
      "max_num_assisters": 5,
      "priority": 451,
      "base_sort": "FromBuilder",
      "builders": ["AnyBasicFabber"],
      "build_conditions": [
        [
          {
            "test_type": "HasPersonalityTag",
            "string0": "Artillery",
            "boolean": true
          },
          {
            "test_type": "EnemySurfacePresenceOnPlanet",
            "boolean": true
          },
          {
            "test_type": "CanAffordBuildDemand"
          },
          {
            "test_type": "UnitCountInBase",
            "unit_type_string0": "Structure & Basic & Artillery",
            "compare0": "<",
            "value0": 1
          },
          {
            "test_type": "UnitCountAroundBase",
            "unit_type_string0": "Structure",
            "string0": "Enemy",
            "value0": 240,
            "compare0": ">=",
            "value1": 1
          },
          {
            "test_type": "CanFindPlaceToBuild",
            "string0": "BasicArtillery"
          }
        ]
      ],
      "placement_rules": {
        "buffer": 2,
        "placement_type": "FromMainBasePerimeter",
        "unit_count_rules": [
          {
            "unit_type_string": "Structure & Basic & Artillery",
            "alliance": "Ally",
            "compare_type": "<",
            "range": 75,
            "count": 1
          }
        ],
        "threat": {
          "influence_type": "AntiSurface",
          "compare_type": "<",
          "radius": 10,
          "value": 50
        }
      }
    },
    {
      "name": "Artillery - Basic Artillery - Threat",
      "to_build": "BasicArtillery",
      "instance_count": 1,
      "priority": 262,
      "base_sort": "FromPerimeter",
      "builders": ["AnyBasicFabber"],
      "build_conditions": [
        [
          {
            "test_type": "HasPersonalityTag",
            "string0": "Artillery",
            "boolean": true
          },
          {
            "test_type": "EnemySurfacePresenceOnPlanet",
            "boolean": true
          },
          {
            "test_type": "CanAffordBuildDemand"
          },
          {
            "test_type": "UnitCountInBase",
            "unit_type_string0": "Structure & (Artillery | Tactical)",
            "compare0": "<",
            "value0": 2
          },
          {
            "test_type": "PlanetHighestEnemyArmyThreatRatio",
            "string0": "Land",
            "string1": "AntiSurface",
            "compare0": ">",
            "value0": 1
          },
          {
            "test_type": "UnitCountInBase",
            "unit_type_string0": "Structure & (EnergyProduction | Factory)",
            "compare0": ">=",
            "value0": 3
          },
          {
            "test_type": "CanFindPlaceToBuild",
            "string0": "BasicArtillery"
          }
        ]
      ],
      "placement_rules": {
        "buffer": 2,
        "placement_type": "FromMainBasePerimeter",
        "unit_count_rules": [
          {
            "unit_type_string": "Structure & (EnergyProduction | Factory | Tactical | Artillery)",
            "alliance": "Ally",
            "compare_type": ">=",
            "range": 50,
            "count": 1
          },
          {
            "unit_type_string": "Structure & (Artillery | Tactical)",
            "alliance": "Ally",
            "compare_type": "<",
            "range": 75,
            "count": 2
          }
        ]
      }
    },
    {
      "name": "Artillery - Mini Unit Cannon",
      "to_build": "MiniUnitCannon",
      "instance_count": 1,
      "min_num_assisters": 2,
      "max_num_assisters": 5,
      "priority": 451,
      "base_sort": "FromBuilder",
      "builders": ["AnyBasicFabber"],
      "build_conditions": [
        [
          {
            "test_type": "HasPersonalityTag",
            "string0": "Artillery",
            "boolean": true
          },
          {
            "test_type": "EnemySurfacePresenceOnPlanet",
            "boolean": true
          },
          {
            "test_type": "CanAffordBuildDemand"
          },
          {
            "test_type": "CanAffordPotentialDrain",
            "string0": "MiniUnitCannon"
          },
          {
            "test_type": "UnitCountInBase",
            "unit_type_string0": "Structure & Basic & Artillery",
            "compare0": "<",
            "value0": 1
          },
          {
            "test_type": "HaveSeenEnemyUnits",
            "unit_type_string0": "Land & Advanced",
            "boolean": false
          },
          {
            "test_type": "UnitCountAroundBase",
            "unit_type_string0": "Structure",
            "string0": "Enemy",
            "value0": 240,
            "compare0": ">=",
            "value1": 1
          },
          {
            "test_type": "CanFindPlaceToBuild",
            "string0": "MiniUnitCannon"
          }
        ]
      ],
      "placement_rules": {
        "buffer": 2,
        "placement_type": "FromMainBasePerimeter",
        "unit_count_rules": [
          {
            "unit_type_string": "Structure & Basic & Artillery",
            "alliance": "Ally",
            "compare_type": "<",
            "range": 75,
            "count": 1
          }
        ],
        "threat": {
          "influence_type": "AntiSurface",
          "compare_type": "<",
          "radius": 10,
          "value": 50
        }
      }
    },
    {
      "name": "Artillery - Mini Unit Cannon - Threat",
      "to_build": "MiniUnitCannon",
      "instance_count": 1,
      "priority": 262,
      "base_sort": "FromPerimeter",
      "builders": ["AnyBasicFabber"],
      "build_conditions": [
        [
          {
            "test_type": "HasPersonalityTag",
            "string0": "Artillery",
            "boolean": true
          },
          {
            "test_type": "EnemySurfacePresenceOnPlanet",
            "boolean": true
          },
          {
            "test_type": "CanAffordBuildDemand"
          },
          {
            "test_type": "CanAffordPotentialDrain",
            "string0": "MiniUnitCannon"
          },
          {
            "test_type": "UnitCountInBase",
            "unit_type_string0": "Structure & (Artillery | Tactical)",
            "compare0": "<",
            "value0": 2
          },
          {
            "test_type": "PlanetHighestEnemyArmyThreatRatio",
            "string0": "Land",
            "string1": "AntiSurface",
            "compare0": ">",
            "value0": 1
          },
          {
            "test_type": "UnitCountInBase",
            "unit_type_string0": "Structure & (EnergyProduction | Factory)",
            "compare0": ">=",
            "value0": 3
          },
          {
            "test_type": "HaveSeenEnemyUnits",
            "unit_type_string0": "Advanced",
            "boolean": false
          },
          {
            "test_type": "CanFindPlaceToBuild",
            "string0": "MiniUnitCannon"
          }
        ]
      ],
      "placement_rules": {
        "buffer": 2,
        "placement_type": "FromMainBasePerimeter",
        "unit_count_rules": [
          {
            "unit_type_string": "Structure & (EnergyProduction | Factory | Tactical | Artillery)",
            "alliance": "Ally",
            "compare_type": ">=",
            "range": 50,
            "count": 1
          },
          {
            "unit_type_string": "Structure & (Artillery | Tactical)",
            "alliance": "Ally",
            "compare_type": "<",
            "range": 75,
            "count": 2
          }
        ]
      }
    },
    {
      "name": "Artillery - Unit Cannon - Alone",
      "to_build": "UnitCannon",
      "instance_count": 1,
      "shared_instance_count": "UnitCannon",
      "min_num_assisters": 3,
      "max_num_assisters": 12,
      "priority": 506,
      "builders": ["AnyAdvancedFabber", "SupportCommander"],
      "build_conditions": [
        [
          {
            "test_type": "HasPersonalityTag",
            "string0": "Artillery",
            "boolean": true
          },
          {
            "test_type": "EnemySurfacePresenceOnPlanet",
            "boolean": false
          },
          {
            "test_type": "CanAffordBuildDemand"
          },
          {
            "test_type": "CanAffordPotentialDrain",
            "string0": "UnitCannon"
          },
          {
            "test_type": "UnitCountOnPlanet",
            "unit_type_string0": "Factory & Construction - Orbital - NukeDefense - Nuke - SelfDestruct",
            "compare0": ">",
            "value0": 0
          },
          {
            "test_type": "SystemThreat",
            "string0": "Economy",
            "compare0": ">",
            "value0": 0
          },
          {
            "test_type": "CanFindPlaceToBuild",
            "string0": "UnitCannon"
          }
        ]
      ],
      "placement_rules": {
        "buffer": 2
      }
    },
    {
      "name": "Artillery - TML - Threat",
      "to_build": "TML",
      "instance_count": 1,
      "min_num_assisters": 2,
      "max_num_assisters": 5,
      "priority": 379,
      "base_sort": "FromPerimeter",
      "builders": ["AnyAdvancedFabber", "SupportCommander"],
      "build_conditions": [
        [
          {
            "test_type": "HasPersonalityTag",
            "string0": "Artillery",
            "boolean": true
          },
          {
            "test_type": "EnemySurfacePresenceOnPlanet",
            "boolean": true
          },
          {
            "test_type": "CanAffordBuildDemand"
          },
          {
            "test_type": "UnitCountInBase",
            "unit_type_string0": "Structure & (Artillery | Tactical)",
            "compare0": "<",
            "value0": 1
          },
          {
            "test_type": "PlanetHighestEnemyArmyThreatRatio",
            "string0": "Land",
            "string1": "AntiSurface",
            "compare0": ">",
            "value0": 1
          },
          {
            "test_type": "UnitCountInBase",
            "unit_type_string0": "Structure & (EnergyProduction | Factory)",
            "compare0": ">=",
            "value0": 3
          },
          {
            "test_type": "HaveSeenEnemyUnits",
            "unit_type_string0": "Mobile & Land & Advanced",
            "boolean": true
          },
          {
            "test_type": "CanFindPlaceToBuild",
            "string0": "TML"
          }
        ]
      ],
      "placement_rules": {
        "buffer": 2,
        "placement_type": "FromMainBasePerimeter",
        "unit_count_rules": [
          {
            "unit_type_string": "Structure & (EnergyProduction | Factory | Tactical | Artillery)",
            "alliance": "Ally",
            "compare_type": ">=",
            "range": 50,
            "count": 1
          },
          {
            "unit_type_string": "Structure & (Artillery | Tactical)",
            "alliance": "Ally",
            "compare_type": "<",
            "range": 75,
            "count": 1
          }
        ]
      }
    },
    {
      "name": "Artillery - Long Range Artillery",
      "to_build": "LongRangeArtillery",
      "instance_count": 1,
      "min_num_assisters": 3,
      "max_num_assisters": 6,
      "priority": 530,
      "base_sort": "FromMainBase",
      "builders": ["AnyAdvancedFabber", "SupportCommander"],
      "build_conditions": [
        [
          {
            "test_type": "HasPersonalityTag",
            "string0": "Artillery",
            "boolean": true
          },
          {
            "test_type": "EnemySurfacePresenceOnPlanet",
            "boolean": true
          },
          {
            "test_type": "CanAffordBuildDemand"
          },
          {
            "test_type": "UnitCountInBase",
            "unit_type_string0": "Structure & Artillery & Advanced",
            "compare0": "<",
            "value0": 1
          },
          {
            "test_type": "UnitCountAroundBase",
            "unit_type_string0": "Structure - Metal",
            "string0": "Enemy",
            "value0": 600,
            "compare0": ">=",
            "value1": 1
          },
          {
            "test_type": "CanFindPlaceToBuild",
            "string0": "LongRangeArtillery"
          }
        ]
      ],
      "placement_rules": {
        "buffer": 2,
        "placement_type": "FromMainBaseCenter",
        "threat": {
          "influence_type": "AntiSurface",
          "compare_type": "<",
          "radius": 10,
          "value": 50
        }
      }
    }
  ]
}
