{
  "build_list": [
    {
      "name": "Nuker - Nuke Silo",
      "to_build": "NukeSilo",
      "instance_count": 1,
      "shared_instance_count": "NukeSilo",
      "min_num_assisters": 3,
      "max_num_assisters": 12,
      "priority": 630,
      "builders": ["AnyAdvancedFabber", "SupportCommander"],
      "build_conditions": [
        [
          {
            "test_type": "HasPersonalityTag",
            "string0": "Nuker",
            "boolean": true
          },
          {
            "test_type": "CanAffordBuildDemand"
          },
          {
            "test_type": "CanAffordPotentialDrain",
            "string0": "NukeSilo"
          },
          {
            "test_type": "UnitCountOnPlanet",
            "unit_type_string0": "Factory & Construction - Orbital - NukeDefense - Nuke - SelfDestruct",
            "compare0": ">",
            "value0": 0
          },
          {
            "test_type": "SystemThreat",
            "string0": "Economy",
            "compare0": ">",
            "value0": 0
          },
          {
            "test_type": "CanFindPlaceToBuild",
            "string0": "NukeSilo"
          }
        ]
      ],
      "placement_rules": {
        "buffer": 2
      }
    }
  ]
}
