{
  "build_list": [
    {
      "name": "Naval Scout Platoon",
      "to_build": "Naval_Scout",
      "instance_count": 5,
      "shared_instance_count": "NavalScout",
      "priority": 100,
      "build_conditions": [
        [
          {
            "test_type": "UnitCountOnPlanet",
            "unit_type_string0": "Air & Factory",
            "compare0": "<",
            "value0": 1
          },
          {
            "test_type": "UnitPoolCount",
            "unit_type_string0": "(Naval & WaterHover & Offense & Mobile) - Fabber - Construction - AirDefense - OrbitalDefense - Titan",
            "compare0": ">=",
            "value0": 1
          }
        ]
      ],
      "task_type": "Scout"
    }
  ]
}
