{
  "build_list": [
    {
      "name": "Wheeled Scout Platoon",
      "to_build": "Wheeled_Scout",
      "instance_count": 5,
      "shared_instance_count": "BotScout",
      "priority": 100,
      "build_conditions": [
        [
          {
            "test_type": "UnitCountOnPlanet",
            "unit_type_string0": "Air & Factory",
            "compare0": "<",
            "value0": 1
          },
          {
            "test_type": "UnitPoolCount",
            "unit_type_string0": "(Vehicle & Mobile) - Fabber - AirDefense - OrbitalDefense - Construction - Artillery - Tactical - Heavy - SelfDestruct",
            "compare0": ">=",
            "value0": 1
          }
        ]
      ],
      "task_type": "Scout"
    }
  ]
}
