{
  "platoon_templates": {
    "Land_Raid_Small": {
      "units": [
        {
          "unit_types": "(Bot & Mobile) - Fabber - AirDefense - OrbitalDefense - Construction - Artillery - Tactical - Heavy - SelfDestruct - Deconstruction - Titan",
          "min_count": 1,
          "max_count": 3,
          "squad": "Fast"
        }
      ]
    },
    "Land_Raid_Medium": {
      "units": [
        {
          "unit_types": "(Bot & Mobile) - Fabber - AirDefense - OrbitalDefense - Construction - Artillery - Tactical - Heavy - SelfDestruct - Deconstruction - Titan",
          "min_count": 4,
          "max_count": 9,
          "squad": "Fast"
        }
      ]
    },
    "Land_Raid_Large": {
      "units": [
        {
          "unit_types": "(Bot & Mobile) - Fabber - AirDefense - OrbitalDefense - Construction - Artillery - Tactical - Heavy - SelfDestruct - Deconstruction - Titan",
          "min_count": 10,
          "max_count": 19,
          "squad": "Fast"
        }
      ]
    },
    "Land_Raid_XLarge": {
      "units": [
        {
          "unit_types": "(Bot & Mobile) - Fabber - AirDefense - OrbitalDefense - Construction - Artillery - Tactical - Heavy - SelfDestruct - Deconstruction - Titan",
          "min_count": 20,
          "max_count": 39,
          "squad": "Fast"
        }
      ]
    },
    "Land_Raid_Max": {
      "units": [
        {
          "unit_types": "(Bot & Mobile) - Fabber - AirDefense - OrbitalDefense - Construction - Artillery - Tactical - Heavy - SelfDestruct - Deconstruction - Titan",
          "min_count": 40,
          "max_count": -1,
          "squad": "Fast"
        }
      ]
    },
    "Swarm_Raid_Small": {
      "units": [
        {
          "unit_types": "Bot & Deconstruction",
          "min_count": 1,
          "max_count": 3,
          "squad": "Fast"
        }
      ]
    },
    "Swarm_Raid_Medium": {
      "units": [
        {
          "unit_types": "Bot & Deconstruction",
          "min_count": 4,
          "max_count": 9,
          "squad": "Fast"
        }
      ]
    },
    "Swarm_Raid_Large": {
      "units": [
        {
          "unit_types": "Bot & Deconstruction",
          "min_count": 10,
          "max_count": 19,
          "squad": "Fast"
        }
      ]
    },
    "Swarm_Raid_XLarge": {
      "units": [
        {
          "unit_types": "Bot & Deconstruction",
          "min_count": 20,
          "max_count": 39,
          "squad": "Fast"
        }
      ]
    },
    "Swarm_Raid_Max": {
      "units": [
        {
          "unit_types": "Bot & Deconstruction",
          "min_count": 40,
          "max_count": -1,
          "squad": "Fast"
        }
      ]
    },
    "Boom_Raid_Small": {
      "units": [
        {
          "unit_types": "Bot & SelfDestruct",
          "min_count": 1,
          "max_count": 3,
          "squad": "Suicide"
        }
      ]
    },
    "Boom_Raid_Medium": {
      "units": [
        {
          "unit_types": "Bot & SelfDestruct",
          "min_count": 4,
          "max_count": 9,
          "squad": "Suicide"
        }
      ]
    },
    "Boom_Raid_Large": {
      "units": [
        {
          "unit_types": "Bot & SelfDestruct",
          "min_count": 10,
          "max_count": 19,
          "squad": "Suicide"
        }
      ]
    },
    "Boom_Raid_XLarge": {
      "units": [
        {
          "unit_types": "Bot & SelfDestruct",
          "min_count": 20,
          "max_count": 39,
          "squad": "Suicide"
        }
      ]
    },
    "Boom_Raid_Max": {
      "units": [
        {
          "unit_types": "Bot & SelfDestruct",
          "min_count": 40,
          "max_count": -1,
          "squad": "Suicide"
        }
      ]
    },
    "Land_Attack_Small": {
      "units": [
        {
          "unit_types": "(Bot & Mobile) - Fabber - AirDefense - OrbitalDefense - Construction - Artillery - Tactical - Heavy - SelfDestruct - Deconstruction - Titan",
          "min_count": 0,
          "max_count": 3,
          "squad": "Fast"
        },
        {
          "unit_types": "((Tank | Bot) & Mobile) - Fabber - AirDefense - OrbitalDefense - Construction - Artillery - Tactical - Heavy - Scout - SelfDestruct - Deconstruction - Titan",
          "min_count": 0,
          "max_count": 3,
          "squad": "General"
        },
        {
          "unit_types": "((Tank | Bot) & Mobile & (Artillery | Tactical)) - Titan",
          "min_count": 0,
          "percent": 0.35,
          "squad": "Artillery"
        },
        {
          "unit_types": "((Tank | Bot) & Mobile & Heavy) - Titan",
          "min_count": 0,
          "percent": 0.5,
          "squad": "Close"
        },
        {
          "unit_types": "((Tank | Bot) & Mobile & AirDefense) - Titan",
          "min_count": 0,
          "percent": 0.25,
          "squad": "Defense"
        },
        {
          "unit_types": "((Tank | Bot) & Mobile & OrbitalDefense) - Titan",
          "min_count": 0,
          "percent": 0.1,
          "squad": "Defense"
        },
        {
          "unit_types": "((Tank | Bot) & Mobile & Construction) - Titan",
          "min_count": 0,
          "percent": 0.1,
          "squad": "Defense"
        },
        {
          "unit_types": "Land & Scout - Titan",
          "min_count": 0,
          "percent": 0.05,
          "squad": "Defense"
        }
      ]
    },
    "Land_Attack_Medium": {
      "units": [
        {
          "unit_types": "(Bot & Mobile) - Fabber - AirDefense - OrbitalDefense - Construction - Artillery - Tactical - Heavy - SelfDestruct - Deconstruction - Titan",
          "min_count": 0,
          "max_count": 10,
          "squad": "Fast"
        },
        {
          "unit_types": "((Tank | Bot) & Mobile) - Fabber - AirDefense - OrbitalDefense - Construction - Artillery - Tactical - Heavy - Scout - SelfDestruct - Deconstruction - Titan",
          "min_count": 0,
          "max_count": 10,
          "squad": "General"
        },
        {
          "unit_types": "((Tank | Bot) & Mobile & (Artillery | Tactical)) - Titan",
          "min_count": 0,
          "percent": 0.35,
          "squad": "Artillery"
        },
        {
          "unit_types": "((Tank | Bot) & Mobile & Heavy) - Titan",
          "min_count": 0,
          "percent": 0.5,
          "squad": "Close"
        },
        {
          "unit_types": "((Tank | Bot) & Mobile & AirDefense) - Titan",
          "min_count": 0,
          "percent": 0.25,
          "squad": "Defense"
        },
        {
          "unit_types": "((Tank | Bot) & Mobile & OrbitalDefense) - Titan",
          "min_count": 0,
          "percent": 0.1,
          "squad": "Defense"
        },
        {
          "unit_types": "((Tank | Bot) & Mobile & Construction) - Titan",
          "min_count": 0,
          "percent": 0.1,
          "squad": "Defense"
        },
        {
          "unit_types": "Land & Scout - Titan",
          "min_count": 0,
          "percent": 0.05,
          "squad": "Defense"
        }
      ]
    },
    "Land_Attack_Large": {
      "units": [
        {
          "unit_types": "(Bot & Mobile) - Fabber - AirDefense - OrbitalDefense - Construction - Artillery - Tactical - Heavy - SelfDestruct - Deconstruction - Titan",
          "min_count": 0,
          "max_count": 20,
          "squad": "Fast"
        },
        {
          "unit_types": "((Tank | Bot) & Mobile) - Fabber - AirDefense - OrbitalDefense - Construction - Artillery - Tactical - Heavy - Scout - SelfDestruct - Deconstruction - Titan",
          "min_count": 0,
          "max_count": 20,
          "squad": "General"
        },
        {
          "unit_types": "((Tank | Bot) & Mobile & (Artillery | Tactical)) - Titan",
          "min_count": 0,
          "percent": 0.35,
          "squad": "Artillery"
        },
        {
          "unit_types": "((Tank | Bot) & Mobile & Heavy) - Titan",
          "min_count": 0,
          "percent": 0.5,
          "squad": "Close"
        },
        {
          "unit_types": "((Tank | Bot) & Mobile & AirDefense) - Titan",
          "min_count": 0,
          "percent": 0.25,
          "squad": "Defense"
        },
        {
          "unit_types": "((Tank | Bot) & Mobile & OrbitalDefense) - Titan",
          "min_count": 0,
          "percent": 0.1,
          "squad": "Defense"
        },
        {
          "unit_types": "((Tank | Bot) & Mobile & Construction) - Titan",
          "min_count": 0,
          "percent": 0.1,
          "squad": "Defense"
        },
        {
          "unit_types": "Land & Scout - Titan",
          "min_count": 0,
          "percent": 0.05,
          "squad": "Defense"
        }
      ]
    },
    "Land_Attack_XLarge": {
      "units": [
        {
          "unit_types": "(Bot & Mobile) - Fabber - AirDefense - OrbitalDefense - Construction - Artillery - Tactical - Heavy - SelfDestruct - Deconstruction - Titan",
          "min_count": 0,
          "max_count": 40,
          "squad": "Fast"
        },
        {
          "unit_types": "((Tank | Bot) & Mobile) - Fabber - AirDefense - OrbitalDefense - Construction - Artillery - Tactical - Heavy - Scout - SelfDestruct - Deconstruction - Titan",
          "min_count": 0,
          "max_count": 40,
          "squad": "General"
        },
        {
          "unit_types": "((Tank | Bot) & Mobile & (Artillery | Tactical)) - Titan",
          "min_count": 0,
          "percent": 0.35,
          "squad": "Artillery"
        },
        {
          "unit_types": "((Tank | Bot) & Mobile & Heavy) - Titan",
          "min_count": 0,
          "percent": 0.5,
          "squad": "Close"
        },
        {
          "unit_types": "((Tank | Bot) & Mobile & AirDefense) - Titan",
          "min_count": 0,
          "percent": 0.25,
          "squad": "Defense"
        },
        {
          "unit_types": "((Tank | Bot) & Mobile & OrbitalDefense) - Titan",
          "min_count": 0,
          "percent": 0.1,
          "squad": "Defense"
        },
        {
          "unit_types": "((Tank | Bot) & Mobile & Construction) - Titan",
          "min_count": 0,
          "percent": 0.1,
          "squad": "Defense"
        },
        {
          "unit_types": "Land & Scout - Titan",
          "min_count": 0,
          "percent": 0.05,
          "squad": "Defense"
        }
      ]
    },
    "Land_Attack_Max": {
      "units": [
        {
          "unit_types": "(Bot & Mobile) - Fabber - AirDefense - OrbitalDefense - Construction - Artillery - Tactical - Heavy - SelfDestruct - Deconstruction - Titan",
          "min_count": 0,
          "max_count": -1,
          "squad": "Fast"
        },
        {
          "unit_types": "((Tank | Bot) & Mobile) - Fabber - AirDefense - OrbitalDefense - Construction - Artillery - Tactical - Heavy - Scout - SelfDestruct - Deconstruction - Titan",
          "min_count": 0,
          "max_count": -1,
          "squad": "General"
        },
        {
          "unit_types": "((Tank | Bot) & Mobile & (Artillery | Tactical)) - Titan",
          "min_count": 0,
          "percent": 0.35,
          "squad": "Artillery"
        },
        {
          "unit_types": "((Tank | Bot) & Mobile & Heavy) - Titan",
          "min_count": 0,
          "percent": 0.5,
          "squad": "Close"
        },
        {
          "unit_types": "((Tank | Bot) & Mobile & AirDefense) - Titan",
          "min_count": 0,
          "percent": 0.25,
          "squad": "Defense"
        },
        {
          "unit_types": "((Tank | Bot) & Mobile & OrbitalDefense) - Titan",
          "min_count": 0,
          "percent": 0.1,
          "squad": "Defense"
        },
        {
          "unit_types": "((Tank | Bot) & Mobile & Construction) - Titan",
          "min_count": 0,
          "percent": 0.1,
          "squad": "Defense"
        },
        {
          "unit_types": "Land & Scout - Titan",
          "min_count": 0,
          "percent": 0.05,
          "squad": "Defense"
        }
      ]
    },
    "Land_Attack_XLarge_Transfer": {
      "units": [
        {
          "unit_types": "(Bot & Mobile) - Fabber - AirDefense - OrbitalDefense - Construction - Artillery - Tactical - Heavy - SelfDestruct - Deconstruction - Titan",
          "min_count": 0,
          "max_count": 40,
          "squad": "Fast"
        },
        {
          "unit_types": "((Tank | Bot | Hover) & Mobile) - Fabber - AirDefense - OrbitalDefense - Construction - Artillery - Tactical - Heavy - Scout - SelfDestruct - Deconstruction - Titan",
          "min_count": 0,
          "max_count": 40,
          "squad": "General"
        },
        {
          "unit_types": "((Tank | Bot) & Mobile & (Artillery | Tactical)) - Titan",
          "min_count": 0,
          "percent": 0.35,
          "squad": "Artillery"
        },
        {
          "unit_types": "((Tank | Bot) & Mobile & Heavy) - Titan",
          "min_count": 0,
          "percent": 0.5,
          "squad": "Close"
        },
        {
          "unit_types": "((Tank | Bot) & Mobile & AirDefense) - Titan",
          "min_count": 0,
          "percent": 0.25,
          "squad": "Defense"
        },
        {
          "unit_types": "((Tank | Bot) & Mobile & OrbitalDefense) - Titan",
          "min_count": 0,
          "percent": 0.1,
          "squad": "Defense"
        },
        {
          "unit_types": "((Tank | Bot) & Mobile & Construction) - Titan",
          "min_count": 0,
          "percent": 0.1,
          "squad": "Defense"
        },
        {
          "unit_types": "Land & Scout - Titan",
          "min_count": 0,
          "percent": 0.05,
          "squad": "Defense"
        }
      ]
    },
    "Land_Attack_Max_Transfer": {
      "units": [
        {
          "unit_types": "(Bot & Mobile) - Fabber - AirDefense - OrbitalDefense - Construction - Artillery - Tactical - Heavy - SelfDestruct - Deconstruction - Titan",
          "min_count": 0,
          "max_count": -1,
          "squad": "Fast"
        },
        {
          "unit_types": "((Tank | Bot | Hover) & Mobile) - Fabber - AirDefense - OrbitalDefense - Construction - Artillery - Tactical - Heavy - Scout - SelfDestruct - Deconstruction - Titan",
          "min_count": 0,
          "max_count": -1,
          "squad": "General"
        },
        {
          "unit_types": "((Tank | Bot) & Mobile & (Artillery | Tactical)) - Titan",
          "min_count": 0,
          "percent": 0.35,
          "squad": "Artillery"
        },
        {
          "unit_types": "((Tank | Bot) & Mobile & Heavy) - Titan",
          "min_count": 0,
          "percent": 0.5,
          "squad": "Close"
        },
        {
          "unit_types": "((Tank | Bot) & Mobile & AirDefense) - Titan",
          "min_count": 0,
          "percent": 0.25,
          "squad": "Defense"
        },
        {
          "unit_types": "((Tank | Bot) & Mobile & OrbitalDefense) - Titan",
          "min_count": 0,
          "percent": 0.1,
          "squad": "Defense"
        },
        {
          "unit_types": "((Tank | Bot) & Mobile & Construction) - Titan",
          "min_count": 0,
          "percent": 0.1,
          "squad": "Defense"
        },
        {
          "unit_types": "Land & Scout - Titan",
          "min_count": 0,
          "percent": 0.05,
          "squad": "Defense"
        }
      ]
    },
    "Land_Attack_Titan": {
      "units": [
        {
          "unit_types": "(Tank | Bot) & Mobile & Titan",
          "min_count": 1,
          "max_count": -1,
          "squad": "General"
        }
      ]
    },
    "Air_Scout": {
      "units": [
        {
          "unit_types": "Air & Scout",
          "max_count": 1
        }
      ]
    },
    "Vehicle_Scout": {
      "units": [
        {
          "unit_types": "Tank & Scout",
          "max_count": 1
        }
      ]
    },
    "Bot_Scout": {
      "units": [
        {
          "unit_types": "(Bot & Mobile) - Fabber - AirDefense - OrbitalDefense - Construction - Artillery - Tactical - Heavy - SelfDestruct - Deconstruction - Titan",
          "max_count": 1
        }
      ]
    },
    "BomberGunship_Attack_Small": {
      "units": [
        {
          "unit_types": "Air & ((Bomber & Basic) | Gunship) - Titan",
          "min_count": 1,
          "max_count": 3
        },
        {
          "unit_types": "Air & MissileDefense",
          "min_count": 0,
          "percent": 0.15,
          "squad": "Defense"
        },
        {
          "unit_types": "Air & Fighter",
          "min_count": 0,
          "percent": 0.25,
          "squad": "Escort"
        }
      ]
    },
    "BomberGunship_Attack_Medium": {
      "units": [
        {
          "unit_types": "Air & ((Bomber & Basic) | Gunship) - Titan",
          "min_count": 4,
          "max_count": 9
        },
        {
          "unit_types": "Air & MissileDefense",
          "min_count": 0,
          "percent": 0.15,
          "squad": "Defense"
        },
        {
          "unit_types": "Air & Fighter",
          "min_count": 0,
          "percent": 0.25,
          "squad": "Escort"
        }
      ]
    },
    "BomberGunship_Attack_Large": {
      "units": [
        {
          "unit_types": "Air & ((Bomber & Basic) | Gunship) - Titan",
          "min_count": 10,
          "max_count": 19
        },
        {
          "unit_types": "Air & MissileDefense",
          "min_count": 0,
          "percent": 0.15,
          "squad": "Defense"
        },
        {
          "unit_types": "Air & Fighter",
          "min_count": 0,
          "percent": 0.25,
          "squad": "Escort"
        }
      ]
    },
    "BomberGunship_Attack_XLarge": {
      "units": [
        {
          "unit_types": "Air & ((Bomber & Basic) | Gunship) - Titan",
          "min_count": 20,
          "max_count": 39
        },
        {
          "unit_types": "Air & MissileDefense",
          "min_count": 0,
          "percent": 0.15,
          "squad": "Defense"
        },
        {
          "unit_types": "Air & Fighter",
          "min_count": 0,
          "percent": 0.25,
          "squad": "Escort"
        }
      ]
    },
    "BomberGunship_Attack_Max": {
      "units": [
        {
          "unit_types": "Air & ((Bomber & Basic) | Gunship) - Titan",
          "min_count": 40,
          "max_count": -1
        },
        {
          "unit_types": "Air & MissileDefense",
          "min_count": 0,
          "percent": 0.15,
          "squad": "Defense"
        },
        {
          "unit_types": "Air & Fighter",
          "min_count": 0,
          "percent": 0.25,
          "squad": "Escort"
        }
      ]
    },
    "HeavyBomber_Attack_Small": {
      "units": [
        {
          "unit_types": "Air & Bomber & Advanced - Titan",
          "min_count": 1,
          "max_count": 3
        },
        {
          "unit_types": "Air & MissileDefense",
          "min_count": 0,
          "percent": 0.15,
          "squad": "Defense"
        },
        {
          "unit_types": "Air & Fighter",
          "min_count": 0,
          "percent": 0.25,
          "squad": "Escort"
        }
      ]
    },
    "HeavyBomber_Attack_Medium": {
      "units": [
        {
          "unit_types": "Air & Bomber & Advanced - Titan",
          "min_count": 4,
          "max_count": 9
        },
        {
          "unit_types": "Air & MissileDefense",
          "min_count": 0,
          "percent": 0.15,
          "squad": "Defense"
        },
        {
          "unit_types": "Air & Fighter",
          "min_count": 0,
          "percent": 0.25,
          "squad": "Escort"
        }
      ]
    },
    "HeavyBomber_Attack_Large": {
      "units": [
        {
          "unit_types": "Air & Bomber & Advanced - Titan",
          "min_count": 10,
          "max_count": 19
        },
        {
          "unit_types": "Air & MissileDefense",
          "min_count": 0,
          "percent": 0.15,
          "squad": "Defense"
        },
        {
          "unit_types": "Air & Fighter",
          "min_count": 0,
          "percent": 0.25,
          "squad": "Escort"
        }
      ]
    },
    "HeavyBomber_Attack_XLarge": {
      "units": [
        {
          "unit_types": "Air & Bomber & Advanced - Titan",
          "min_count": 20,
          "max_count": 39
        },
        {
          "unit_types": "Air & MissileDefense",
          "min_count": 0,
          "percent": 0.15,
          "squad": "Defense"
        },
        {
          "unit_types": "Air & Fighter",
          "min_count": 0,
          "percent": 0.25,
          "squad": "Escort"
        }
      ]
    },
    "HeavyBomber_Attack_Max": {
      "units": [
        {
          "unit_types": "Air & Bomber & Advanced - Titan",
          "min_count": 40,
          "max_count": -1
        },
        {
          "unit_types": "Air & MissileDefense",
          "min_count": 0,
          "percent": 0.15,
          "squad": "Defense"
        },
        {
          "unit_types": "Air & Fighter",
          "min_count": 0,
          "percent": 0.25,
          "squad": "Escort"
        }
      ]
    },
    "Air_Attack_Titan": {
      "units": [
        {
          "unit_types": "Air & Titan",
          "min_count": 1,
          "max_count": -1
        },
        {
          "unit_types": "Air & MissileDefense",
          "min_count": 0,
          "max_count": 2,
          "squad": "Defense"
        },
        {
          "unit_types": "Air & Fighter",
          "min_count": 0,
          "max_count": 15,
          "squad": "Escort"
        }
      ]
    },
    "Fighter_Attack_Small": {
      "units": [
        {
          "unit_types": "Air & Fighter",
          "min_count": 1,
          "max_count": 3
        },
        {
          "unit_types": "Air & MissileDefense",
          "min_count": 0,
          "percent": 0.15,
          "squad": "Defense"
        }
      ]
    },
    "Fighter_Attack_Medium": {
      "units": [
        {
          "unit_types": "Air & Fighter",
          "min_count": 4,
          "max_count": 9
        },
        {
          "unit_types": "Air & MissileDefense",
          "min_count": 0,
          "percent": 0.15,
          "squad": "Defense"
        }
      ]
    },
    "Fighter_Attack_Large": {
      "units": [
        {
          "unit_types": "Air & Fighter",
          "min_count": 10,
          "max_count": 19
        },
        {
          "unit_types": "Air & MissileDefense",
          "min_count": 0,
          "percent": 0.15,
          "squad": "Defense"
        }
      ]
    },
    "Fighter_Attack_XLarge": {
      "units": [
        {
          "unit_types": "Air & Fighter",
          "min_count": 20,
          "max_count": 39
        },
        {
          "unit_types": "Air & MissileDefense",
          "min_count": 0,
          "percent": 0.15,
          "squad": "Defense"
        }
      ]
    },
    "Fighter_Attack_Max": {
      "units": [
        {
          "unit_types": "Air & Fighter",
          "min_count": 40,
          "max_count": -1
        },
        {
          "unit_types": "Air & MissileDefense",
          "min_count": 0,
          "percent": 0.15,
          "squad": "Defense"
        }
      ]
    },
    "Naval_Attack": {
      "units": [
        {
          "unit_types": "(Naval & Mobile) - Fabber - Construction",
          "min_count": 1,
          "max_count": -1
        },
        {
          "unit_types": "Naval & Mobile & Construction",
          "min_count": 0,
          "percent": 0.2,
          "squad": "Defense"
        }
      ]
    },
    "Orbital_Fighter_Attack": {
      "units": [
        {
          "unit_types": "Orbital & Fighter",
          "min_count": 1,
          "max_count": -1
        }
      ]
    },
    "Orbital_Titan_Attack": {
      "units": [
        {
          "unit_types": "Orbital & Titan",
          "min_count": 1,
          "max_count": -1
        },
        {
          "unit_types": "Orbital & Fighter",
          "min_count": 0,
          "max_count": 15,
          "squad": "Escort"
        }
      ]
    },
    "Orbital_Laser_Attack": {
      "units": [
        {
          "unit_types": "Orbital & LaserPlatform - Titan",
          "min_count": 1,
          "max_count": -1
        },
        {
          "unit_types": "Orbital & Fighter",
          "min_count": 0,
          "max_count": 8,
          "squad": "Escort"
        }
      ]
    },
    "Orbital_Offense_Transfer": {
      "units": [
        {
          "unit_types": "Orbital & (Fighter | LaserPlatform)",
          "min_count": 1,
          "max_count": -1
        }
      ]
    },
    "Orbital_Radar": {
      "units": [
        {
          "unit_types": "Orbital & (Recon | Scout) - Structure",
          "max_count": 1
        }
      ]
    },
    "Nukes": {
      "units": [
        {
          "unit_types": "Structure & Nuke",
          "min_count": 1,
          "max_count": -1
        }
      ]
    },
    "UnitCannon": {
      "units": [
        {
          "unit_types": "Structure & Artillery & Factory",
          "min_count": 1,
          "max_count": -1
        }
      ]
    },
    "Artillery": {
      "units": [
        {
          "unit_types": "(Structure & (Artillery | Tactical)) - Factory",
          "max_count": 1
        }
      ]
    }
  }
}
