{"build_list":[{"name":"Vehicle Scout Platoon - Tutorial","to_build":"Vehicle_Scout","instance_count":10,"shared_instance_count":"VehicleScout","priority":200,"build_conditions":[[{"test_type":"HasPersonalityTag","string0":"Tutorial","boolean":true},{"test_type":"UnitPoolCount","unit_type_string0":"Tank & Scout","compare0":">=","value0":1}]],"task_type":"Scout"},{"name":"Land Raid Platoon Small","to_build":"Land_Attack_Tutorial","instance_count":1,"priority":109,"build_conditions":[[{"test_type":"HasPersonalityTag","string0":"Tutorial","boolean":true},{"test_type":"UnitPoolCount","unit_type_string0":"(Bot & Mobile) - Fabber - AirDefense - Construction - Artillery - Heavy - SelfDestruct","compare0":">=","value0":1},{"test_type":"CanAttackWithPoolUnitsLand","string0":"WL_AnySurface","string1":"WL_AnySurface","unit_type_string0":"Mobile | Structure"}]],"task_type":"LandAttack"}]}