{"build_list":[{"name":"Probe - Other planet","to_build":"OrbitalProbe","instance_count":1,"shared_instance_count":"ReconAssistance","cross_planet_shared_count":true,"priority":200,"builders":["OrbitalLauncher","OrbitalFactory"],"build_conditions":[[{"test_type":"CanAffordBuildDemand"},{"test_type":"CanAffordPotentialDrain","string0":"OrbitalProbe"},{"test_type":"UnitCountOnPlanet","unit_type_string0":"Orbital & Fighter","compare0":">","value0":2},{"test_type":"OtherPlanetNeedsReconAssistance","boolean":true}]]},{"name":"Orbital Railgun","to_build":"OrbitalRailgun","instance_count":1,"max_num_assisters":5,"priority":195,"builders":["OrbitalFactory"],"build_conditions":[[{"test_type":"CanAffordBuildDemand"},{"test_type":"SystemThreat","string0":"Orbital","compare0":">","value0":0},{"test_type":"UnitCountPerPlanetRadius","unit_type_string0":"Orbital & Fighter & Advanced","compare0":"<","value0":15}]]},{"name":"Orbital Railgun - Threat","to_build":"OrbitalRailgun","instance_count":1,"min_num_assisters":2,"max_num_assisters":5,"priority":205,"builders":["OrbitalFactory"],"build_conditions":[[{"test_type":"CanAffordBuildDemand"},{"test_type":"SystemThreat","string0":"Orbital","compare0":">","value0":0},{"test_type":"UnitCountOnPlanet","unit_type_string0":"Orbital & Fighter & Advanced","compare0":"<","value0":3}],[{"test_type":"CanAffordBuildDemand"},{"test_type":"BaseThreat","string0":"Orbital","compare0":">","value0":0},{"test_type":"UnitCountInBase","unit_type_string0":"Orbital & Fighter & Advanced","compare0":"<","value0":3}],[{"test_type":"CanAffordBuildDemand"},{"test_type":"PlanetHighestEnemyArmyThreatRatio","string0":"Orbital","string1":"AntiOrbital","compare0":">","value0":1.0}]]},{"name":"Orbital Battleship","to_build":"OrbitalBattleShip","instance_count":1,"max_num_assisters":5,"priority":195,"builders":["OrbitalFactory"],"build_conditions":[[{"test_type":"CanAffordBuildDemand"},{"test_type":"SystemThreat","string0":"Orbital","compare0":">","value0":0},{"test_type":"UnitRatioOnPlanet","unit_type_string0":"Orbital & Fighter & Heavy","unit_type_string1":"Orbital & Fighter","compare0":"<","value0":0.2}]]}]}