{
  "display_name": "Cataphract Commander",
  "description": "!LOC:Imperial Cataphract Commander",
  "attachable": {
    "offsets": {
      "head": [
        0,
        0,
        15.6
      ],
      "root": [
        0,
        0,
        0
      ]
    }
  },
  "base_spec": "/pa/units/commanders/l_base/l_base.json",
  "catalog_object_name": "ImperialCataphract",
  "client": {
    "ui": {
      "image": "/ui/main/shared/img/commanders/img_l_cataphract.png",
      "profile_image": "/ui/main/shared/img/commanders/profiles/profile_l_cataphract.png",
      "thumb_image": "/ui/main/shared/img/commanders/thumbs/img_l_cataphract_thumb.png"
    }
  },
  "events": {
    "fired": {
      "effect_spec": "/pa/effects/specs/default_muzzle_flash.pfx socket_rightMuzzle"
    }
  },
  "fx_offsets": [
    {
      "bone": "socket_leftMuzzle",
      "filename": "/pa/effects/specs/legion_fab_spray.pfx",
      "type": "build"
    }
  ],
  "headlights": [
    {
      "gobo": "/pa/effects/textures/gobo/spotlight_gobo.papa",
      "offset": [
        0.0,
        -1.7,
        1.9
      ],
      "orientation": [
        0.0,
        45.0,
        0.0
      ],
      "near_width": 5.0,
      "near_height": 5.0,
      "near_distance": 3.0,
      "far_distance": 30.0,
      "color": [
        1.0,
        1.0,
        1.0
      ],
      "intensity": 6.0,
      "bone": "bone_spine",
      "shadow_resolution": 128
    }
  ],
  "lamps": [
    {
      "offset": [
        0.0,
        -1.7,
        1.9
      ],
      "radius": 2.0,
      "color": [
        1.0,
        1.0,
        1.0
      ],
      "intensity": 5.0,
      "bone": "bone_spine"
    },
    {
      "offset": [
        0.07,
        -3.85,
        0.2
      ],
      "radius": 4.0,
      "color": [
        0.4,
        1.0,
        0.01
      ],
      "intensity": 2.0,
      "bone": "bone_leftElbow"
    }
  ],
  "mesh_bounds": [
    10,
    10,
    12
  ],
  "model": {
    "animations": {
      "walk": "/pa/units/commanders/imperial_base/imperial_base_anim_walk.papa",
      "idle": "/pa/units/commanders/imperial_base/imperial_base_anim_idle.papa",
      "walk_stop": "/pa/units/commanders/imperial_base/imperial_base_anim_walkStop.papa",
      "aim_up": "/pa/units/commanders/imperial_base/imperial_base_anim_aimUp.papa",
      "aim_down": "/pa/units/commanders/imperial_base/imperial_base_anim_aimDown.papa"
    },
    "animtree": "/pa/anim/anim_trees/commander_imperial_anim_tree.json",
    "filename": "/pa/units/commanders/l_cataphract/l_cataphract.papa",
    "walk_speed": 6.0
  },
  "selection_icon": {
    "diameter": -20.6
  },
  "tools": [
    {
      "aim_bone": "bone_turret",
      "spec_id": "/pa/tools/commander_build_arm/commander_build_arm.json"
    },
    {
      "aim_bone": "bone_turret",
      "muzzle_bone": "socket_rightMuzzle",
      "primary_weapon": true,
      "spec_id": "/pa/units/commanders/base_commander/base_commander_tool_bullet_weapon.json"
    },
    {
      "aim_bone": "bone_turret",
      "muzzle_bone": "socket_rightMuzzle",
      "secondary_weapon": true,
      "spec_id": "/pa/tools/l_uber_cannon/l_uber_cannon.json"
    },
    {
      "aim_bone": "bone_turret",
      "muzzle_bone": "socket_rightMuzzle",
      "primary_weapon": false,
      "show_range": false,
      "spec_id": "/pa/units/commanders/base_commander/base_commander_tool_aa_weapon.json"
    },
    {
      "aim_bone": "bone_turret",
      "muzzle_bone": "socket_rightMuzzle",
      "primary_weapon": false,
      "show_range": false,
      "spec_id": "/pa/units/commanders/base_commander/base_commander_tool_torpedo_weapon.json"
    }
  ]
}