{
  "build_list": [
    {
      "name": "Fortress - Basic Air Defense - Mex",
      "to_build": "BasicAirDefense",
      "instance_count": 1,
      "shared_instance_count": "BasicAirDefense",
      "priority": 461,
      "base_sort": "FromPerimeter",
      "builders": ["AnyBasicFabber"],
      "build_conditions": [
        [
          {
            "test_type": "HasPersonalityTag",
            "string0": "Fortress",
            "boolean": true
          },
          {
            "test_type": "CanAffordBuildDemand"
          },
          {
            "test_type": "DistFromMainBase",
            "compare0": ">=",
            "value0": 150
          },
          {
            "test_type": "UnitCountInBase",
            "unit_type_string0": "Structure & Basic & AirDefense",
            "compare0": "<",
            "value0": 1
          },
          {
            "test_type": "UnitCountInBase",
            "unit_type_string0": "Structure & MetalProduction",
            "compare0": ">=",
            "value0": 2
          },
          {
            "test_type": "CanFindPlaceToBuild",
            "string0": "BasicAirDefense"
          }
        ],
        [
          {
            "test_type": "HasPersonalityTag",
            "string0": "Fortress",
            "boolean": true
          },
          {
            "test_type": "CanAffordBuildDemand"
          },
          {
            "test_type": "DistFromNearestEnemyThreat",
            "compare0": "<=",
            "value0": 200
          },
          {
            "test_type": "UnitCountInBase",
            "unit_type_string0": "Structure & Basic & AirDefense",
            "compare0": "<",
            "value0": 1
          },
          {
            "test_type": "UnitCountInBase",
            "unit_type_string0": "Structure & MetalProduction",
            "compare0": ">=",
            "value0": 2
          },
          {
            "test_type": "CanFindPlaceToBuild",
            "string0": "BasicAirDefense"
          }
        ]
      ],
      "placement_rules": {
        "buffer": 2,
        "placement_type": "FromMainBasePerimeter",
        "unit_count_rules": [
          {
            "unit_type_string": "Structure & MetalProduction",
            "alliance": "Ally",
            "compare_type": ">=",
            "range": 50,
            "count": 1
          },
          {
            "unit_type_string": "Structure & Basic & AirDefense",
            "alliance": "Ally",
            "compare_type": "<",
            "range": 100,
            "count": 1
          }
        ],
        "threat": {
          "influence_type": "AntiSurface",
          "compare_type": "<",
          "radius": 35,
          "value": 5
        }
      }
    },
    {
      "name": "Fortress - Basic Land Defense Single - Mex",
      "to_build": "BasicLandDefenseSingle",
      "instance_count": 1,
      "shared_instance_count": "BasicLandDefense",
      "priority": 461,
      "base_sort": "FromPerimeter",
      "builders": ["AnyBasicFabber"],
      "build_conditions": [
        [
          {
            "test_type": "HasPersonalityTag",
            "string0": "Fortress",
            "boolean": true
          },
          {
            "test_type": "CanAffordBuildDemand"
          },
          {
            "test_type": "DistFromMainBase",
            "compare0": ">=",
            "value0": 150
          },
          {
            "test_type": "HasPersonalityTag",
            "string0": "Tutorial",
            "boolean": false
          },
          {
            "test_type": "UnitCountInBase",
            "unit_type_string0": "Structure & Basic & SurfaceDefense",
            "compare0": "<",
            "value0": 1
          },
          {
            "test_type": "UnitCountInBase",
            "unit_type_string0": "Structure & MetalProduction",
            "compare0": ">=",
            "value0": 2
          },
          {
            "test_type": "CanFindPlaceToBuild",
            "string0": "BasicLandDefenseSingle"
          }
        ],
        [
          {
            "test_type": "HasPersonalityTag",
            "string0": "Fortress",
            "boolean": true
          },
          {
            "test_type": "CanAffordBuildDemand"
          },
          {
            "test_type": "DistFromNearestEnemyThreat",
            "compare0": "<=",
            "value0": 200
          },
          {
            "test_type": "HasPersonalityTag",
            "string0": "Tutorial",
            "boolean": false
          },
          {
            "test_type": "UnitCountInBase",
            "unit_type_string0": "Structure & Basic & SurfaceDefense",
            "compare0": "<",
            "value0": 1
          },
          {
            "test_type": "UnitCountInBase",
            "unit_type_string0": "Structure & MetalProduction",
            "compare0": ">=",
            "value0": 2
          },
          {
            "test_type": "CanFindPlaceToBuild",
            "string0": "BasicLandDefenseSingle"
          }
        ]
      ],
      "placement_rules": {
        "buffer": 2,
        "placement_type": "FromMainBasePerimeter",
        "unit_count_rules": [
          {
            "unit_type_string": "Structure & MetalProduction",
            "alliance": "Ally",
            "compare_type": ">=",
            "range": 50,
            "count": 1
          },
          {
            "unit_type_string": "Structure & Basic & SurfaceDefense",
            "alliance": "Ally",
            "compare_type": "<",
            "range": 100,
            "count": 1
          }
        ],
        "threat": {
          "influence_type": "AntiSurface",
          "compare_type": "<",
          "radius": 35,
          "value": 5
        }
      }
    },
    {
      "name": "Fortress - Basic Air Defense",
      "to_build": "BasicAirDefense",
      "instance_count": 1,
      "shared_instance_count": "BasicAirDefense",
      "priority": 285,
      "base_sort": "FromPerimeter",
      "builders": ["AnyBasicFabber"],
      "build_conditions": [
        [
          {
            "test_type": "HasPersonalityTag",
            "string0": "Fortress",
            "boolean": true
          },
          {
            "test_type": "CanAffordBuildDemand"
          },
          {
            "test_type": "UnitCountInBase",
            "unit_type_string0": "Structure & Basic & AirDefense",
            "compare0": "<",
            "value0": 2
          },
          {
            "test_type": "UnitCountInBase",
            "unit_type_string0": "Structure & (EnergyProduction | Factory)",
            "compare0": ">=",
            "value0": 3
          },
          {
            "test_type": "CanFindPlaceToBuild",
            "string0": "BasicAirDefense"
          }
        ],
        [
          {
            "test_type": "HasPersonalityTag",
            "string0": "Fortress",
            "boolean": true
          },
          {
            "test_type": "CanAffordBuildDemand"
          },
          {
            "test_type": "UnitCountInBase",
            "unit_type_string0": "Structure & Basic & AirDefense",
            "compare0": "<",
            "value0": 2
          },
          {
            "test_type": "UnitCountInBase",
            "unit_type_string0": "Structure & (Tactical | Artillery)",
            "compare0": ">=",
            "value0": 1
          },
          {
            "test_type": "CanFindPlaceToBuild",
            "string0": "BasicAirDefense"
          }
        ]
      ],
      "placement_rules": {
        "buffer": 2,
        "placement_type": "FromMainBasePerimeter",
        "unit_count_rules": [
          {
            "unit_type_string": "Structure & (EnergyProduction | Factory | Tactical | Artillery)",
            "alliance": "Ally",
            "compare_type": ">=",
            "range": 50,
            "count": 1
          },
          {
            "unit_type_string": "Structure & Basic & AirDefense",
            "alliance": "Ally",
            "compare_type": "<",
            "range": 50,
            "count": 1
          }
        ]
      }
    },
    {
      "name": "Fortress - Basic Air Defense - Threat",
      "to_build": "BasicAirDefense",
      "instance_count": 1,
      "shared_instance_count": "BasicAirDefense",
      "priority": 462,
      "base_sort": "FromPerimeter",
      "builders": ["Commander", "AnyBasicFabber"],
      "build_conditions": [
        [
          {
            "test_type": "HasPersonalityTag",
            "string0": "Fortress",
            "boolean": true
          },
          {
            "test_type": "CanAffordBuildDemand"
          },
          {
            "test_type": "UnitCountInBase",
            "unit_type_string0": "Structure & Basic & AirDefense",
            "compare0": "<",
            "value0": 4
          },
          {
            "test_type": "HasPersonalityTag",
            "string0": "Tutorial",
            "boolean": false
          },
          {
            "test_type": "PlanetHighestEnemyArmyThreatRatio",
            "string0": "Air",
            "string1": "AntiAir",
            "compare0": ">",
            "value0": 1.0
          },
          {
            "test_type": "UnitCountInBase",
            "unit_type_string0": "Structure & (EnergyProduction | Factory)",
            "compare0": ">=",
            "value0": 3
          },
          {
            "test_type": "CanFindPlaceToBuild",
            "string0": "BasicAirDefense"
          }
        ]
      ],
      "placement_rules": {
        "buffer": 2,
        "placement_type": "FromMainBasePerimeter",
        "unit_count_rules": [
          {
            "unit_type_string": "Structure & (EnergyProduction | Factory | Tactical | Artillery)",
            "alliance": "Ally",
            "compare_type": ">=",
            "range": 50,
            "count": 1
          },
          {
            "unit_type_string": "Structure & Basic & AirDefense",
            "alliance": "Ally",
            "compare_type": "<",
            "range": 75,
            "count": 2
          }
        ]
      }
    },
    {
      "name": "Fortress - Basic Land Defense Single",
      "to_build": "BasicLandDefenseSingle",
      "instance_count": 1,
      "shared_instance_count": "BasicLandDefense",
      "priority": 285,
      "base_sort": "FromPerimeter",
      "builders": ["AnyBasicFabber"],
      "build_conditions": [
        [
          {
            "test_type": "HasPersonalityTag",
            "string0": "Fortress",
            "boolean": true
          },
          {
            "test_type": "CanAffordBuildDemand"
          },
          {
            "test_type": "HasPersonalityTag",
            "string0": "Tutorial",
            "boolean": false
          },
          {
            "test_type": "UnitCountInBase",
            "unit_type_string0": "Structure & Basic & SurfaceDefense",
            "compare0": "<",
            "value0": 2
          },
          {
            "test_type": "UnitCountInBase",
            "unit_type_string0": "Structure & (EnergyProduction | Factory)",
            "compare0": ">=",
            "value0": 3
          },
          {
            "test_type": "HaveSeenEnemyUnits",
            "unit_type_string0": "Mobile & Land & Advanced",
            "boolean": false
          },
          {
            "test_type": "CanFindPlaceToBuild",
            "string0": "BasicLandDefenseSingle"
          }
        ],
        [
          {
            "test_type": "HasPersonalityTag",
            "string0": "Fortress",
            "boolean": true
          },
          {
            "test_type": "CanAffordBuildDemand"
          },
          {
            "test_type": "HasPersonalityTag",
            "string0": "Tutorial",
            "boolean": false
          },
          {
            "test_type": "UnitCountInBase",
            "unit_type_string0": "Structure & Basic & SurfaceDefense",
            "compare0": "<",
            "value0": 2
          },
          {
            "test_type": "UnitCountInBase",
            "unit_type_string0": "Structure & (Tactical | Artillery)",
            "compare0": ">=",
            "value0": 1
          },
          {
            "test_type": "HaveSeenEnemyUnits",
            "unit_type_string0": "Mobile & Land & Advanced",
            "boolean": false
          },
          {
            "test_type": "CanFindPlaceToBuild",
            "string0": "BasicLandDefenseSingle"
          }
        ]
      ],
      "placement_rules": {
        "buffer": 2,
        "placement_type": "FromMainBasePerimeter",
        "unit_count_rules": [
          {
            "unit_type_string": "Structure & (EnergyProduction | Factory | Tactical | Artillery)",
            "alliance": "Ally",
            "compare_type": ">=",
            "range": 50,
            "count": 1
          },
          {
            "unit_type_string": "Structure & Basic & SurfaceDefense",
            "alliance": "Ally",
            "compare_type": "<",
            "range": 50,
            "count": 1
          }
        ]
      }
    },
    {
      "name": "Fortress - Basic Land Defense Single - Threat",
      "to_build": "BasicLandDefenseSingle",
      "instance_count": 1,
      "shared_instance_count": "BasicLandDefense",
      "priority": 462,
      "base_sort": "FromPerimeter",
      "builders": ["Commander"],
      "build_conditions": [
        [
          {
            "test_type": "HasPersonalityTag",
            "string0": "Fortress",
            "boolean": true
          },
          {
            "test_type": "CanAffordBuildDemand"
          },
          {
            "test_type": "UnitCountInBase",
            "unit_type_string0": "Structure & Basic & SurfaceDefense",
            "compare0": "<",
            "value0": 4
          },
          {
            "test_type": "HasPersonalityTag",
            "string0": "Tutorial",
            "boolean": false
          },
          {
            "test_type": "PlanetHighestEnemyArmyThreatRatio",
            "string0": "Land",
            "string1": "AntiSurface",
            "compare0": ">",
            "value0": 1.0
          },
          {
            "test_type": "UnitCountInBase",
            "unit_type_string0": "Structure & (EnergyProduction | Factory)",
            "compare0": ">=",
            "value0": 3
          },
          {
            "test_type": "HaveSeenEnemyUnits",
            "unit_type_string0": "Mobile & Land & Advanced",
            "boolean": false
          },
          {
            "test_type": "CanFindPlaceToBuild",
            "string0": "BasicLandDefenseSingle"
          }
        ]
      ],
      "placement_rules": {
        "buffer": 2,
        "placement_type": "FromMainBasePerimeter",
        "unit_count_rules": [
          {
            "unit_type_string": "Structure & (EnergyProduction | Factory | Tactical | Artillery)",
            "alliance": "Ally",
            "compare_type": ">=",
            "range": 50,
            "count": 1
          },
          {
            "unit_type_string": "Structure & Basic & SurfaceDefense",
            "alliance": "Ally",
            "compare_type": "<",
            "range": 75,
            "count": 2
          }
        ]
      }
    },
    {
      "name": "Fortress - Basic Land Defense",
      "to_build": "BasicLandDefense",
      "instance_count": 1,
      "priority": 285,
      "base_sort": "FromPerimeter",
      "builders": ["AnyBasicFabber"],
      "build_conditions": [
        [
          {
            "test_type": "HasPersonalityTag",
            "string0": "Fortress",
            "boolean": true
          },
          {
            "test_type": "CanAffordBuildDemand"
          },
          {
            "test_type": "UnitCountInBase",
            "unit_type_string0": "Structure & Basic & SurfaceDefense",
            "compare0": "<",
            "value0": 2
          },
          {
            "test_type": "HasPersonalityTag",
            "string0": "Tutorial",
            "boolean": false
          },
          {
            "test_type": "UnitCountInBase",
            "unit_type_string0": "Structure & (EnergyProduction | Factory)",
            "compare0": ">=",
            "value0": 3
          },
          {
            "test_type": "CanFindPlaceToBuild",
            "string0": "BasicLandDefense"
          }
        ],
        [
          {
            "test_type": "HasPersonalityTag",
            "string0": "Fortress",
            "boolean": true
          },
          {
            "test_type": "CanAffordBuildDemand"
          },
          {
            "test_type": "HasPersonalityTag",
            "string0": "Tutorial",
            "boolean": false
          },
          {
            "test_type": "UnitCountInBase",
            "unit_type_string0": "Structure & Basic & SurfaceDefense",
            "compare0": "<",
            "value0": 2
          },
          {
            "test_type": "UnitCountInBase",
            "unit_type_string0": "Structure & (Tactical | Artillery)",
            "compare0": ">=",
            "value0": 1
          },
          {
            "test_type": "CanFindPlaceToBuild",
            "string0": "BasicLandDefense"
          }
        ]
      ],
      "placement_rules": {
        "buffer": 2,
        "placement_type": "FromMainBasePerimeter",
        "unit_count_rules": [
          {
            "unit_type_string": "Structure & (EnergyProduction | Factory | Tactical | Artillery)",
            "alliance": "Ally",
            "compare_type": ">=",
            "range": 50,
            "count": 1
          },
          {
            "unit_type_string": "Structure & Basic & SurfaceDefense",
            "alliance": "Ally",
            "compare_type": "<",
            "range": 50,
            "count": 1
          }
        ]
      }
    },
    {
      "name": "Fortress - Basic Land Defense - Threat",
      "to_build": "BasicLandDefense",
      "instance_count": 1,
      "priority": 462,
      "base_sort": "FromPerimeter",
      "builders": ["AnyBasicFabber"],
      "build_conditions": [
        [
          {
            "test_type": "HasPersonalityTag",
            "string0": "Fortress",
            "boolean": true
          },
          {
            "test_type": "CanAffordBuildDemand"
          },
          {
            "test_type": "UnitCountInBase",
            "unit_type_string0": "Structure & Basic & SurfaceDefense",
            "compare0": "<",
            "value0": 4
          },
          {
            "test_type": "HasPersonalityTag",
            "string0": "Tutorial",
            "boolean": false
          },
          {
            "test_type": "PlanetHighestEnemyArmyThreatRatio",
            "string0": "Land",
            "string1": "AntiSurface",
            "compare0": ">",
            "value0": 1.0
          },
          {
            "test_type": "UnitCountInBase",
            "unit_type_string0": "Structure & (EnergyProduction | Factory)",
            "compare0": ">=",
            "value0": 3
          },
          {
            "test_type": "CanFindPlaceToBuild",
            "string0": "BasicLandDefense"
          }
        ]
      ],
      "placement_rules": {
        "buffer": 2,
        "placement_type": "FromMainBasePerimeter",
        "unit_count_rules": [
          {
            "unit_type_string": "Structure & (EnergyProduction | Factory | Tactical | Artillery)",
            "alliance": "Ally",
            "compare_type": ">=",
            "range": 50,
            "count": 1
          },
          {
            "unit_type_string": "Structure & Basic & SurfaceDefense",
            "alliance": "Ally",
            "compare_type": "<",
            "range": 75,
            "count": 2
          }
        ]
      }
    },
    {
      "name": "Fortress - Basic Artillery",
      "to_build": "BasicArtillery",
      "instance_count": 1,
      "min_num_assisters": 2,
      "max_num_assisters": 5,
      "priority": 445,
      "builders": ["AnyBasicFabber"],
      "build_conditions": [
        [
          {
            "test_type": "HasPersonalityTag",
            "string0": "Fortress",
            "boolean": true
          },
          {
            "test_type": "CanAffordBuildDemand"
          },
          {
            "test_type": "HasPersonalityTag",
            "string0": "Tutorial",
            "boolean": false
          },
          {
            "test_type": "UnitCountInBase",
            "unit_type_string0": "Structure & (Artillery | Tactical)",
            "compare0": "<",
            "value0": 2
          },
          {
            "test_type": "UnitCountInBase",
            "unit_type_string0": "Structure & (EnergyProduction | Factory)",
            "compare0": ">=",
            "value0": 4
          },
          {
            "test_type": "UnitCountAroundBase",
            "unit_type_string0": "Structure",
            "string0": "Enemy",
            "value0": 350,
            "compare0": ">=",
            "value1": 3
          },
          {
            "test_type": "CanFindPlaceToBuild",
            "string0": "BasicArtillery"
          }
        ]
      ],
      "placement_rules": {
        "buffer": 2,
        "placement_type": "FromMainBasePerimeter",
        "unit_count_rules": [
          {
            "unit_type_string": "Structure & (Artillery | Tactical)",
            "alliance": "Ally",
            "compare_type": "<",
            "range": 75,
            "count": 2
          }
        ],
        "threat": {
          "influence_type": "AntiSurface",
          "compare_type": "<",
          "radius": 10,
          "value": 50
        }
      }
    },
    {
      "name": "Fortress - Basic Artillery - Threat",
      "to_build": "BasicArtillery",
      "instance_count": 1,
      "priority": 462,
      "base_sort": "FromPerimeter",
      "builders": ["AnyBasicFabber"],
      "build_conditions": [
        [
          {
            "test_type": "HasPersonalityTag",
            "string0": "Fortress",
            "boolean": true
          },
          {
            "test_type": "EnemySurfacePresenceOnPlanet",
            "boolean": true
          },
          {
            "test_type": "CanAffordBuildDemand"
          },
          {
            "test_type": "UnitCountInBase",
            "unit_type_string0": "Structure & (Artillery | Tactical)",
            "compare0": "<",
            "value0": 1
          },
          {
            "test_type": "PlanetHighestEnemyArmyThreatRatio",
            "string0": "Land",
            "string1": "AntiSurface",
            "compare0": ">",
            "value0": 1
          },
          {
            "test_type": "UnitCountInBase",
            "unit_type_string0": "Structure & (EnergyProduction | Factory)",
            "compare0": ">=",
            "value0": 3
          },
          {
            "test_type": "CanFindPlaceToBuild",
            "string0": "BasicArtillery"
          }
        ]
      ],
      "placement_rules": {
        "buffer": 2,
        "placement_type": "FromMainBasePerimeter",
        "unit_count_rules": [
          {
            "unit_type_string": "Structure & (EnergyProduction | Factory | Tactical | Artillery)",
            "alliance": "Ally",
            "compare_type": ">=",
            "range": 50,
            "count": 1
          },
          {
            "unit_type_string": "Structure & (Artillery | Tactical)",
            "alliance": "Ally",
            "compare_type": "<",
            "range": 75,
            "count": 1
          }
        ]
      }
    },
    {
      "name": "Fortress - Mini Unit Cannon",
      "to_build": "MiniUnitCannon",
      "instance_count": 1,
      "min_num_assisters": 2,
      "max_num_assisters": 5,
      "priority": 445,
      "builders": ["AnyBasicFabber"],
      "build_conditions": [
        [
          {
            "test_type": "HasPersonalityTag",
            "string0": "Fortress",
            "boolean": true
          },
          {
            "test_type": "CanAffordBuildDemand"
          },
          {
            "test_type": "HasPersonalityTag",
            "string0": "Tutorial",
            "boolean": false
          },
          {
            "test_type": "UnitCountInBase",
            "unit_type_string0": "Structure & (Artillery | Tactical)",
            "compare0": "<",
            "value0": 2
          },
          {
            "test_type": "UnitCountInBase",
            "unit_type_string0": "Structure & (EnergyProduction | Factory)",
            "compare0": ">=",
            "value0": 4
          },
          {
            "test_type": "UnitCountAroundBase",
            "unit_type_string0": "Structure",
            "string0": "Enemy",
            "value0": 350,
            "compare0": ">=",
            "value1": 3
          },
          {
            "test_type": "HaveSeenEnemyUnits",
            "unit_type_string0": "Land & Advanced",
            "boolean": false
          },
          {
            "test_type": "CanFindPlaceToBuild",
            "string0": "MiniUnitCannon"
          }
        ]
      ],
      "placement_rules": {
        "buffer": 2,
        "placement_type": "FromMainBasePerimeter",
        "unit_count_rules": [
          {
            "unit_type_string": "Structure & (Artillery | Tactical)",
            "alliance": "Ally",
            "compare_type": "<",
            "range": 75,
            "count": 2
          }
        ],
        "threat": {
          "influence_type": "AntiSurface",
          "compare_type": "<",
          "radius": 10,
          "value": 50
        }
      }
    },
    {
      "name": "Fortress - Mini Unit Cannon - Threat",
      "to_build": "MiniUnitCannon",
      "instance_count": 1,
      "priority": 462,
      "base_sort": "FromPerimeter",
      "builders": ["AnyBasicFabber"],
      "build_conditions": [
        [
          {
            "test_type": "HasPersonalityTag",
            "string0": "Fortress",
            "boolean": true
          },
          {
            "test_type": "EnemySurfacePresenceOnPlanet",
            "boolean": true
          },
          {
            "test_type": "CanAffordBuildDemand"
          },
          {
            "test_type": "UnitCountInBase",
            "unit_type_string0": "Structure & (Artillery | Tactical)",
            "compare0": "<",
            "value0": 1
          },
          {
            "test_type": "PlanetHighestEnemyArmyThreatRatio",
            "string0": "Land",
            "string1": "AntiSurface",
            "compare0": ">",
            "value0": 1
          },
          {
            "test_type": "UnitCountInBase",
            "unit_type_string0": "Structure & (EnergyProduction | Factory)",
            "compare0": ">=",
            "value0": 3
          },
          {
            "test_type": "HaveSeenEnemyUnits",
            "unit_type_string0": "Land & Advanced",
            "boolean": false
          },
          {
            "test_type": "CanFindPlaceToBuild",
            "string0": "MiniUnitCannon"
          }
        ]
      ],
      "placement_rules": {
        "buffer": 2,
        "placement_type": "FromMainBasePerimeter",
        "unit_count_rules": [
          {
            "unit_type_string": "Structure & (EnergyProduction | Factory | Tactical | Artillery)",
            "alliance": "Ally",
            "compare_type": ">=",
            "range": 50,
            "count": 1
          },
          {
            "unit_type_string": "Structure & (Artillery | Tactical)",
            "alliance": "Ally",
            "compare_type": "<",
            "range": 75,
            "count": 1
          }
        ]
      }
    },
    {
      "name": "Fortress - Basic Naval Defense - Mex",
      "to_build": "BasicNavalDefense",
      "instance_count": 1,
      "shared_instance_count": "BasicLandDefense",
      "priority": 461,
      "base_sort": "FromPerimeter",
      "builders": ["AnyBasicFabber"],
      "build_conditions": [
        [
          {
            "test_type": "HasPersonalityTag",
            "string0": "Fortress",
            "boolean": true
          },
          {
            "test_type": "CanDeployNavalFromBase",
            "boolean": true
          },
          {
            "test_type": "CanAffordBuildDemand"
          },
          {
            "test_type": "PlanetThreat",
            "string0": "Naval",
            "compare0": ">",
            "value0": 0
          },
          {
            "test_type": "DistFromMainBase",
            "compare0": ">=",
            "value0": 150
          },
          {
            "test_type": "HasPersonalityTag",
            "string0": "Tutorial",
            "boolean": false
          },
          {
            "test_type": "UnitCountInBase",
            "unit_type_string0": "Structure & Basic & Naval & Defense",
            "compare0": "<",
            "value0": 1
          },
          {
            "test_type": "UnitCountInBase",
            "unit_type_string0": "Structure & MetalProduction",
            "compare0": ">=",
            "value0": 2
          },
          {
            "test_type": "CanFindPlaceToBuild",
            "string0": "BasicNavalDefense"
          }
        ],
        [
          {
            "test_type": "HasPersonalityTag",
            "string0": "Fortress",
            "boolean": true
          },
          {
            "test_type": "CanDeployNavalFromBase",
            "boolean": true
          },
          {
            "test_type": "CanAffordBuildDemand"
          },
          {
            "test_type": "PlanetThreat",
            "string0": "Naval",
            "compare0": ">",
            "value0": 0
          },
          {
            "test_type": "DistFromNearestEnemyThreat",
            "compare0": "<=",
            "value0": 200
          },
          {
            "test_type": "HasPersonalityTag",
            "string0": "Tutorial",
            "boolean": false
          },
          {
            "test_type": "UnitCountInBase",
            "unit_type_string0": "Structure & Basic & Naval & Defense",
            "compare0": "<",
            "value0": 1
          },
          {
            "test_type": "UnitCountInBase",
            "unit_type_string0": "Structure & MetalProduction",
            "compare0": ">=",
            "value0": 2
          },
          {
            "test_type": "CanFindPlaceToBuild",
            "string0": "BasicNavalDefense"
          }
        ]
      ],
      "placement_rules": {
        "buffer": 2,
        "placement_type": "FromMainBasePerimeter",
        "unit_count_rules": [
          {
            "unit_type_string": "Structure & MetalProduction",
            "alliance": "Ally",
            "compare_type": ">=",
            "range": 50,
            "count": 1
          },
          {
            "unit_type_string": "Structure & Basic & Naval & Defense",
            "alliance": "Ally",
            "compare_type": "<",
            "range": 100,
            "count": 1
          }
        ],
        "threat": {
          "influence_type": "AntiSurface",
          "compare_type": "<",
          "radius": 35,
          "value": 5
        }
      }
    },
    {
      "name": "Fortress - Basic Naval Defense",
      "to_build": "BasicNavalDefense",
      "instance_count": 1,
      "priority": 285,
      "base_sort": "FromPerimeter",
      "builders": ["AnyBasicFabber"],
      "build_conditions": [
        [
          {
            "test_type": "HasPersonalityTag",
            "string0": "Fortress",
            "boolean": true
          },
          {
            "test_type": "CanDeployNavalFromBase",
            "boolean": true
          },
          {
            "test_type": "CanAffordBuildDemand"
          },
          {
            "test_type": "PlanetThreat",
            "string0": "Naval",
            "compare0": ">",
            "value0": 0
          },
          {
            "test_type": "UnitCountInBase",
            "unit_type_string0": "Structure & Basic & Naval & Defense",
            "compare0": "<",
            "value0": 2
          },
          {
            "test_type": "HasPersonalityTag",
            "string0": "Tutorial",
            "boolean": false
          },
          {
            "test_type": "UnitCountInBase",
            "unit_type_string0": "Structure & (EnergyProduction | Factory)",
            "compare0": ">=",
            "value0": 3
          },
          {
            "test_type": "CanFindPlaceToBuild",
            "string0": "BasicNavalDefense"
          }
        ]
      ],
      "placement_rules": {
        "buffer": 2,
        "placement_type": "FromMainBasePerimeter",
        "unit_count_rules": [
          {
            "unit_type_string": "Structure & (EnergyProduction | Factory | Tactical | Artillery)",
            "alliance": "Ally",
            "compare_type": ">=",
            "range": 50,
            "count": 1
          },
          {
            "unit_type_string": "Structure & Basic & Naval & Defense",
            "alliance": "Ally",
            "compare_type": "<",
            "range": 50,
            "count": 1
          }
        ]
      }
    },
    {
      "name": "Fortress - Basic Naval Defense - Threat",
      "to_build": "BasicNavalDefense",
      "instance_count": 1,
      "priority": 462,
      "base_sort": "FromPerimeter",
      "builders": ["Commander", "AnyBasicFabber"],
      "build_conditions": [
        [
          {
            "test_type": "HasPersonalityTag",
            "string0": "Fortress",
            "boolean": true
          },
          {
            "test_type": "CanDeployNavalFromBase",
            "boolean": true
          },
          {
            "test_type": "CanAffordBuildDemand"
          },
          {
            "test_type": "PlanetThreat",
            "string0": "Naval",
            "compare0": ">",
            "value0": 0
          },
          {
            "test_type": "UnitCountInBase",
            "unit_type_string0": "Structure & Basic & Naval & Defense",
            "compare0": "<",
            "value0": 4
          },
          {
            "test_type": "HasPersonalityTag",
            "string0": "Tutorial",
            "boolean": false
          },
          {
            "test_type": "PlanetHighestEnemyArmyThreatRatio",
            "string0": "Naval",
            "string1": "AntiSurface",
            "compare0": ">",
            "value0": 1.0
          },
          {
            "test_type": "UnitCountInBase",
            "unit_type_string0": "Structure & (EnergyProduction | Factory)",
            "compare0": ">=",
            "value0": 3
          },
          {
            "test_type": "CanFindPlaceToBuild",
            "string0": "BasicNavalDefense"
          }
        ],
        [
          {
            "test_type": "HasPersonalityTag",
            "string0": "Fortress",
            "boolean": true
          },
          {
            "test_type": "CanDeployNavalFromBase",
            "boolean": true
          },
          {
            "test_type": "CanAffordBuildDemand"
          },
          {
            "test_type": "PlanetThreat",
            "string0": "Naval",
            "compare0": ">",
            "value0": 0
          },
          {
            "test_type": "UnitCountInBase",
            "unit_type_string0": "Structure & Basic & Naval & Defense",
            "compare0": "<",
            "value0": 4
          },
          {
            "test_type": "HasPersonalityTag",
            "string0": "Tutorial",
            "boolean": false
          },
          {
            "test_type": "PlanetHighestEnemyArmyThreatRatio",
            "string0": "Sub",
            "string1": "AntiSub",
            "compare0": ">",
            "value0": 1.0
          },
          {
            "test_type": "UnitCountInBase",
            "unit_type_string0": "Structure & (EnergyProduction | Factory)",
            "compare0": ">=",
            "value0": 3
          },
          {
            "test_type": "CanFindPlaceToBuild",
            "string0": "BasicNavalDefense"
          }
        ]
      ],
      "placement_rules": {
        "buffer": 2,
        "placement_type": "FromMainBaseCenter",
        "unit_count_rules": [
          {
            "unit_type_string": "Structure & (EnergyProduction | Factory | Tactical | Artillery)",
            "alliance": "Ally",
            "compare_type": ">=",
            "range": 50,
            "count": 1
          },
          {
            "unit_type_string": "Structure & Basic & Naval & Defense",
            "alliance": "Ally",
            "compare_type": "<",
            "range": 75,
            "count": 2
          }
        ]
      }
    },
    {
      "name": "Fortress - Advanced Air Defense",
      "to_build": "AdvancedAirDefense",
      "instance_count": 1,
      "priority": 455,
      "base_sort": "FromPerimeter",
      "builders": ["AnyAdvancedFabber", "SupportCommander"],
      "build_conditions": [
        [
          {
            "test_type": "HasPersonalityTag",
            "string0": "Fortress",
            "boolean": true
          },
          {
            "test_type": "CanAffordBuildDemand"
          },
          {
            "test_type": "HasPersonalityTag",
            "string0": "Tutorial",
            "boolean": false
          },
          {
            "test_type": "UnitCountInBase",
            "unit_type_string0": "Structure & Advanced & AirDefense",
            "compare0": "<",
            "value0": 4
          },
          {
            "test_type": "UnitCountInBase",
            "unit_type_string0": "Structure & (EnergyProduction | Factory)",
            "compare0": ">=",
            "value0": 3
          },
          {
            "test_type": "HaveSeenEnemyUnits",
            "unit_type_string0": "Mobile & Air & Advanced",
            "boolean": true
          },
          {
            "test_type": "CanFindPlaceToBuild",
            "string0": "AdvancedAirDefense"
          }
        ],
        [
          {
            "test_type": "HasPersonalityTag",
            "string0": "Fortress",
            "boolean": true
          },
          {
            "test_type": "CanAffordBuildDemand"
          },
          {
            "test_type": "UnitCountInBase",
            "unit_type_string0": "Structure & Advanced & AirDefense",
            "compare0": "<",
            "value0": 4
          },
          {
            "test_type": "UnitCountInBase",
            "unit_type_string0": "Structure & (Tactical | Artillery)",
            "compare0": ">=",
            "value0": 1
          },
          {
            "test_type": "HaveSeenEnemyUnits",
            "unit_type_string0": "Mobile & Air & Advanced",
            "boolean": true
          },
          {
            "test_type": "CanFindPlaceToBuild",
            "string0": "AdvancedAirDefense"
          }
        ]
      ],
      "placement_rules": {
        "buffer": 2,
        "placement_type": "FromMainBasePerimeter",
        "unit_count_rules": [
          {
            "unit_type_string": "Structure & (EnergyProduction | Factory | Tactical | Artillery)",
            "alliance": "Ally",
            "compare_type": ">=",
            "range": 50,
            "count": 1
          },
          {
            "unit_type_string": "Structure & Advanced & AirDefense",
            "alliance": "Ally",
            "compare_type": "<",
            "range": 50,
            "count": 1
          }
        ]
      }
    },
    {
      "name": "Fortress - Advanced Air Defense - Threat",
      "to_build": "AdvancedAirDefense",
      "instance_count": 1,
      "priority": 479,
      "base_sort": "FromPerimeter",
      "builders": ["AnyAdvancedFabber", "SupportCommander"],
      "build_conditions": [
        [
          {
            "test_type": "HasPersonalityTag",
            "string0": "Fortress",
            "boolean": true
          },
          {
            "test_type": "CanAffordBuildDemand"
          },
          {
            "test_type": "UnitCountInBase",
            "unit_type_string0": "Structure & Advanced & AirDefense",
            "compare0": "<",
            "value0": 4
          },
          {
            "test_type": "HasPersonalityTag",
            "string0": "Tutorial",
            "boolean": false
          },
          {
            "test_type": "PlanetHighestEnemyArmyThreatRatio",
            "string0": "Air",
            "string1": "AntiAir",
            "compare0": ">",
            "value0": 1.0
          },
          {
            "test_type": "UnitCountInBase",
            "unit_type_string0": "Structure & (EnergyProduction | Factory)",
            "compare0": ">=",
            "value0": 3
          },
          {
            "test_type": "HaveSeenEnemyUnits",
            "unit_type_string0": "Mobile & Air & Advanced",
            "boolean": true
          },
          {
            "test_type": "CanFindPlaceToBuild",
            "string0": "AdvancedAirDefense"
          }
        ]
      ],
      "placement_rules": {
        "buffer": 2,
        "placement_type": "FromMainBasePerimeter",
        "unit_count_rules": [
          {
            "unit_type_string": "Structure & (EnergyProduction | Factory | Tactical | Artillery)",
            "alliance": "Ally",
            "compare_type": ">=",
            "range": 50,
            "count": 1
          },
          {
            "unit_type_string": "Structure & Advanced & AirDefense",
            "alliance": "Ally",
            "compare_type": "<",
            "range": 75,
            "count": 2
          }
        ]
      }
    },
    {
      "name": "Fortress - Advanced Land Defense",
      "to_build": "AdvancedLandDefense",
      "instance_count": 1,
      "priority": 455,
      "base_sort": "FromPerimeter",
      "builders": ["AnyAdvancedFabber", "SupportCommander"],
      "build_conditions": [
        [
          {
            "test_type": "HasPersonalityTag",
            "string0": "Fortress",
            "boolean": true
          },
          {
            "test_type": "CanAffordBuildDemand"
          },
          {
            "test_type": "UnitCountInBase",
            "unit_type_string0": "Structure & Advanced & SurfaceDefense",
            "compare0": "<",
            "value0": 4
          },
          {
            "test_type": "UnitCountInBase",
            "unit_type_string0": "Structure & (EnergyProduction | Factory)",
            "compare0": ">=",
            "value0": 3
          },
          {
            "test_type": "HaveSeenEnemyUnits",
            "unit_type_string0": "Mobile & Land & Advanced",
            "boolean": true
          },
          {
            "test_type": "CanFindPlaceToBuild",
            "string0": "AdvancedLandDefense"
          }
        ],
        [
          {
            "test_type": "HasPersonalityTag",
            "string0": "Fortress",
            "boolean": true
          },
          {
            "test_type": "CanAffordBuildDemand"
          },
          {
            "test_type": "UnitCountInBase",
            "unit_type_string0": "Structure & Advanced & SurfaceDefense",
            "compare0": "<",
            "value0": 4
          },
          {
            "test_type": "UnitCountInBase",
            "unit_type_string0": "Structure & (Tactical | Artillery)",
            "compare0": ">=",
            "value0": 1
          },
          {
            "test_type": "HaveSeenEnemyUnits",
            "unit_type_string0": "Mobile & Land & Advanced",
            "boolean": true
          },
          {
            "test_type": "CanFindPlaceToBuild",
            "string0": "AdvancedLandDefense"
          }
        ]
      ],
      "placement_rules": {
        "buffer": 2,
        "placement_type": "FromMainBasePerimeter",
        "unit_count_rules": [
          {
            "unit_type_string": "Structure & (EnergyProduction | Factory | Tactical | Artillery)",
            "alliance": "Ally",
            "compare_type": ">=",
            "range": 50,
            "count": 1
          },
          {
            "unit_type_string": "Structure & Advanced & SurfaceDefense",
            "alliance": "Ally",
            "compare_type": "<",
            "range": 50,
            "count": 1
          }
        ]
      }
    },
    {
      "name": "Fortress - Advanced Land Defense - Threat",
      "to_build": "AdvancedLandDefense",
      "instance_count": 1,
      "priority": 479,
      "base_sort": "FromPerimeter",
      "builders": ["AnyAdvancedFabber", "SupportCommander"],
      "build_conditions": [
        [
          {
            "test_type": "HasPersonalityTag",
            "string0": "Fortress",
            "boolean": true
          },
          {
            "test_type": "CanAffordBuildDemand"
          },
          {
            "test_type": "UnitCountInBase",
            "unit_type_string0": "Structure & Advanced & SurfaceDefense",
            "compare0": "<",
            "value0": 4
          },
          {
            "test_type": "PlanetHighestEnemyArmyThreatRatio",
            "string0": "Land",
            "string1": "AntiSurface",
            "compare0": ">",
            "value0": 1.0
          },
          {
            "test_type": "UnitCountInBase",
            "unit_type_string0": "Structure & (EnergyProduction | Factory)",
            "compare0": ">=",
            "value0": 3
          },
          {
            "test_type": "HaveSeenEnemyUnits",
            "unit_type_string0": "Mobile & Land & Advanced",
            "boolean": true
          },
          {
            "test_type": "CanFindPlaceToBuild",
            "string0": "AdvancedLandDefense"
          }
        ]
      ],
      "placement_rules": {
        "buffer": 2,
        "placement_type": "FromMainBasePerimeter",
        "unit_count_rules": [
          {
            "unit_type_string": "Structure & (EnergyProduction | Factory | Tactical | Artillery)",
            "alliance": "Ally",
            "compare_type": ">=",
            "range": 50,
            "count": 1
          },
          {
            "unit_type_string": "Structure & Advanced & SurfaceDefense",
            "alliance": "Ally",
            "compare_type": "<",
            "range": 75,
            "count": 2
          }
        ]
      }
    },
    {
      "name": "Fortress - TML - Threat",
      "to_build": "TML",
      "instance_count": 1,
      "min_num_assisters": 2,
      "max_num_assisters": 5,
      "priority": 479,
      "base_sort": "FromPerimeter",
      "builders": ["AnyAdvancedFabber", "SupportCommander"],
      "build_conditions": [
        [
          {
            "test_type": "HasPersonalityTag",
            "string0": "Fortress",
            "boolean": true
          },
          {
            "test_type": "EnemySurfacePresenceOnPlanet",
            "boolean": true
          },
          {
            "test_type": "CanAffordBuildDemand"
          },
          {
            "test_type": "UnitCountInBase",
            "unit_type_string0": "Structure & (Artillery | Tactical)",
            "compare0": "<",
            "value0": 1
          },
          {
            "test_type": "PlanetHighestEnemyArmyThreatRatio",
            "string0": "Land",
            "string1": "AntiSurface",
            "compare0": ">",
            "value0": 1
          },
          {
            "test_type": "UnitCountInBase",
            "unit_type_string0": "Structure & (EnergyProduction | Factory)",
            "compare0": ">=",
            "value0": 3
          },
          {
            "test_type": "HaveSeenEnemyUnits",
            "unit_type_string0": "Mobile & Land & Advanced",
            "boolean": true
          },
          {
            "test_type": "CanFindPlaceToBuild",
            "string0": "TML"
          }
        ]
      ],
      "placement_rules": {
        "buffer": 2,
        "placement_type": "FromMainBasePerimeter",
        "unit_count_rules": [
          {
            "unit_type_string": "Structure & (EnergyProduction | Factory | Tactical | Artillery)",
            "alliance": "Ally",
            "compare_type": ">=",
            "range": 50,
            "count": 1
          },
          {
            "unit_type_string": "Structure & (Artillery | Tactical)",
            "alliance": "Ally",
            "compare_type": "<",
            "range": 75,
            "count": 1
          }
        ]
      }
    },
    {
      "name": "Fortress - Wall",
      "to_build": "Wall",
      "instance_count": 1,
      "priority": 0,
      "base_sort": "FromPerimeter",
      "builders": ["AnyBasicFabber", "AnyAdvancedFabber"],
      "build_conditions": [
        [
          {
            "test_type": "HasPersonalityTag",
            "string0": "Fortress",
            "boolean": true
          },
          {
            "test_type": "CanAffordBuildDemand"
          },
          {
            "test_type": "UnitCountInBase",
            "unit_type_string0": "Structure & Defense",
            "compare0": ">=",
            "value0": 1
          },
          {
            "test_type": "CanFindPlaceToBuild",
            "string0": "Wall"
          }
        ]
      ],
      "placement_rules": {
        "placement_type": "FromMainBasePerimeter",
        "unit_count_rules": [
          {
            "unit_type_string": "Structure & Defense - AirDefense",
            "alliance": "Ally",
            "compare_type": ">=",
            "range": 8,
            "count": 1
          },
          {
            "unit_type_string": "Structure & Wall",
            "alliance": "Ally",
            "compare_type": "<",
            "range": 20,
            "count": 4
          }
        ]
      }
    },
    {
      "name": "Fortress - Umbrella",
      "to_build": "Umbrella",
      "instance_count": 1,
      "priority": 478,
      "builders": ["AnyBasicFabber", "AnyAdvancedFabber"],
      "build_conditions": [
        [
          {
            "test_type": "HasPersonalityTag",
            "string0": "Fortress",
            "boolean": true
          },
          {
            "test_type": "CanAffordBuildDemand"
          },
          {
            "test_type": "SystemThreat",
            "string0": "Orbital",
            "compare0": ">",
            "value0": 0
          },
          {
            "test_type": "UnitCountInBase",
            "unit_type_string0": "(Structure & OrbitalDefense) - Orbital",
            "compare0": "<",
            "value0": 3
          },
          {
            "test_type": "UnitCountInBase",
            "unit_type_string0": "Structure & ((EnergyProduction & Advanced) | Factory)",
            "compare0": ">",
            "value0": 0
          },
          {
            "test_type": "CanFindPlaceToBuild",
            "string0": "Umbrella"
          }
        ],
        [
          {
            "test_type": "HasPersonalityTag",
            "string0": "Fortress",
            "boolean": true
          },
          {
            "test_type": "CanAffordBuildDemand"
          },
          {
            "test_type": "SystemThreat",
            "string0": "Orbital",
            "compare0": ">",
            "value0": 0
          },
          {
            "test_type": "UnitCountInBase",
            "unit_type_string0": "(Structure & OrbitalDefense) - Orbital",
            "compare0": "<",
            "value0": 3
          },
          {
            "test_type": "UnitCountInBase",
            "unit_type_string0": "Structure & (PlanetEngine | ControlModule)",
            "compare0": ">",
            "value0": 0
          },
          {
            "test_type": "CanFindPlaceToBuild",
            "string0": "Umbrella"
          }
        ],
        [
          {
            "test_type": "HasPersonalityTag",
            "string0": "Fortress",
            "boolean": true
          },
          {
            "test_type": "CanAffordBuildDemand"
          },
          {
            "test_type": "SystemThreat",
            "string0": "Orbital",
            "compare0": ">",
            "value0": 0
          },
          {
            "test_type": "UnitCountInBase",
            "unit_type_string0": "(Structure & OrbitalDefense) - Orbital",
            "compare0": "<",
            "value0": 3
          },
          {
            "test_type": "UnitCountInBase",
            "unit_type_string0": "Commander",
            "compare0": ">",
            "value0": 0
          },
          {
            "test_type": "CanFindPlaceToBuild",
            "string0": "Umbrella"
          }
        ]
      ],
      "placement_rules": {
        "buffer": 2,
        "placement_type": "FromBaseCenter",
        "unit_count_rules": [
          {
            "unit_type_string": "(Structure & OrbitalDefense) - Orbital",
            "alliance": "Ally",
            "compare_type": "<",
            "range": 150,
            "count": 1
          }
        ]
      }
    },
    {
      "name": "Fortress - Umbrella - Rush",
      "to_build": "Umbrella",
      "instance_count": 1,
      "priority": 486,
      "builders": ["AnyBasicFabber", "AnyAdvancedFabber"],
      "build_conditions": [
        [
          {
            "test_type": "HasPersonalityTag",
            "string0": "Fortress",
            "boolean": true
          },
          {
            "test_type": "CanAffordBuildDemand"
          },
          {
            "test_type": "BaseThreat",
            "string0": "Orbital",
            "compare0": ">",
            "value0": 0
          },
          {
            "test_type": "UnitCountInBase",
            "unit_type_string0": "(Structure & OrbitalDefense) - Orbital",
            "compare0": "<",
            "value0": 1
          },
          {
            "test_type": "UnitCountInBase",
            "unit_type_string0": "Structure & ((EnergyProduction & Advanced) | Factory)",
            "compare0": ">",
            "value0": 0
          },
          {
            "test_type": "CanFindPlaceToBuild",
            "string0": "Umbrella"
          }
        ],
        [
          {
            "test_type": "HasPersonalityTag",
            "string0": "Fortress",
            "boolean": true
          },
          {
            "test_type": "CanAffordBuildDemand"
          },
          {
            "test_type": "BaseThreat",
            "string0": "Orbital",
            "compare0": ">",
            "value0": 0
          },
          {
            "test_type": "UnitCountInBase",
            "unit_type_string0": "(Structure & OrbitalDefense) - Orbital",
            "compare0": "<",
            "value0": 1
          },
          {
            "test_type": "UnitCountInBase",
            "unit_type_string0": "Structure & (PlanetEngine | ControlModule)",
            "compare0": ">",
            "value0": 0
          },
          {
            "test_type": "CanFindPlaceToBuild",
            "string0": "Umbrella"
          }
        ],
        [
          {
            "test_type": "HasPersonalityTag",
            "string0": "Fortress",
            "boolean": true
          },
          {
            "test_type": "CanAffordBuildDemand"
          },
          {
            "test_type": "BaseThreat",
            "string0": "Orbital",
            "compare0": ">",
            "value0": 0
          },
          {
            "test_type": "UnitCountInBase",
            "unit_type_string0": "(Structure & OrbitalDefense) - Orbital",
            "compare0": "<",
            "value0": 1
          },
          {
            "test_type": "UnitCountInBase",
            "unit_type_string0": "Commander",
            "compare0": ">",
            "value0": 0
          },
          {
            "test_type": "CanFindPlaceToBuild",
            "string0": "Umbrella"
          }
        ]
      ],
      "placement_rules": {
        "buffer": 2,
        "placement_type": "FromBaseCenter",
        "unit_count_rules": [
          {
            "unit_type_string": "(Structure & OrbitalDefense) - Orbital",
            "alliance": "Ally",
            "compare_type": "<",
            "range": 150,
            "count": 1
          }
        ]
      }
    },
    {
      "name": "Fortress - Anti Nuke Silo",
      "to_build": "AntiNukeSilo",
      "instance_count": 1,
      "shared_instance_count": "AntiNukeSilo",
      "priority": 480,
      "builders": ["AnyAdvancedFabber", "SupportCommander"],
      "build_conditions": [
        [
          {
            "test_type": "HasPersonalityTag",
            "string0": "Fortress",
            "boolean": true
          },
          {
            "test_type": "CanAffordPotentialDrain",
            "string0": "AntiNukeSilo"
          },
          {
            "test_type": "SystemToPlanetThreatRatio",
            "string0": "Nuke",
            "string1": "AntiNuke",
            "compare0": ">",
            "value0": 1.75
          },
          {
            "test_type": "UnitCountInBase",
            "unit_type_string0": "Structure & ((EnergyProduction & Advanced) | Factory)",
            "compare0": ">=",
            "value0": 3
          },
          {
            "test_type": "CanFindPlaceToBuild",
            "string0": "AntiNukeSilo"
          }
        ],
        [
          {
            "test_type": "HasPersonalityTag",
            "string0": "Fortress",
            "boolean": true
          },
          {
            "test_type": "CanAffordPotentialDrain",
            "string0": "AntiNukeSilo"
          },
          {
            "test_type": "SystemToPlanetThreatRatio",
            "string0": "Nuke",
            "string1": "AntiNuke",
            "compare0": ">",
            "value0": 1.75
          },
          {
            "test_type": "UnitCountInBase",
            "unit_type_string0": "Commander",
            "compare0": ">",
            "value0": 0
          },
          {
            "test_type": "CanFindPlaceToBuild",
            "string0": "AntiNukeSilo"
          }
        ],
        [
          {
            "test_type": "HasPersonalityTag",
            "string0": "Fortress",
            "boolean": true
          },
          {
            "test_type": "CanAffordPotentialDrain",
            "string0": "AntiNukeSilo"
          },
          {
            "test_type": "SystemToPlanetThreatRatio",
            "string0": "Nuke",
            "string1": "AntiNuke",
            "compare0": ">",
            "value0": 1.75
          },
          {
            "test_type": "UnitCountInBase",
            "unit_type_string0": "Structure & (PlanetEngine | ControlModule)",
            "compare0": ">",
            "value0": 0
          },
          {
            "test_type": "CanFindPlaceToBuild",
            "string0": "AntiNukeSilo"
          }
        ]
      ],
      "placement_rules": {
        "buffer": 2,
        "placement_type": "FromBaseCenter",
        "unit_count_rules": [
          {
            "unit_type_string": "Structure & ((EnergyProduction & Advanced) | Factory)",
            "alliance": "Ally",
            "compare_type": ">=",
            "range": 150,
            "count": 3
          },
          {
            "unit_type_string": "Structure & NukeDefense",
            "alliance": "Ally",
            "compare_type": "<",
            "range": 150,
            "count": 1
          }
        ]
      }
    },
    {
      "name": "Fortress - Anti Nuke Silo - Rush",
      "to_build": "AntiNukeSilo",
      "instance_count": 1,
      "shared_instance_count": "AntiNukeSilo",
      "priority": 486,
      "min_num_assisters": 5,
      "max_num_assisters": 12,
      "builders": ["AnyAdvancedFabber", "SupportCommander"],
      "build_conditions": [
        [
          {
            "test_type": "HasPersonalityTag",
            "string0": "Fortress",
            "boolean": true
          },
          {
            "test_type": "CanAffordPotentialDrain",
            "string0": "AntiNukeSilo"
          },
          {
            "test_type": "SystemToPlanetThreatRatio",
            "string0": "Nuke",
            "string1": "AntiNuke",
            "compare0": ">",
            "value0": 1.75
          },
          {
            "test_type": "UnitCountInBase",
            "unit_type_string0": "Structure & ((EnergyProduction & Advanced) | Factory)",
            "compare0": ">=",
            "value0": 3
          },
          {
            "test_type": "UnitCountInBase",
            "unit_type_string0": "Structure & NukeDefense",
            "compare0": "<",
            "value0": 1
          },
          {
            "test_type": "CanFindPlaceToBuild",
            "string0": "AntiNukeSilo"
          }
        ],
        [
          {
            "test_type": "HasPersonalityTag",
            "string0": "Fortress",
            "boolean": true
          },
          {
            "test_type": "CanAffordPotentialDrain",
            "string0": "AntiNukeSilo"
          },
          {
            "test_type": "HaveHadANukeEvent",
            "boolean": true
          },
          {
            "test_type": "UnitCountInBase",
            "unit_type_string0": "Structure & ((EnergyProduction & Advanced) | Factory)",
            "compare0": ">=",
            "value0": 3
          },
          {
            "test_type": "UnitCountInBase",
            "unit_type_string0": "Structure & NukeDefense",
            "compare0": "<",
            "value0": 1
          },
          {
            "test_type": "CanFindPlaceToBuild",
            "string0": "AntiNukeSilo"
          }
        ],
        [
          {
            "test_type": "HasPersonalityTag",
            "string0": "Fortress",
            "boolean": true
          },
          {
            "test_type": "CanAffordPotentialDrain",
            "string0": "AntiNukeSilo"
          },
          {
            "test_type": "SystemToPlanetThreatRatio",
            "string0": "Nuke",
            "string1": "AntiNuke",
            "compare0": ">",
            "value0": 1.75
          },
          {
            "test_type": "UnitCountInBase",
            "unit_type_string0": "Structure & (PlanetEngine | ControlModule)",
            "compare0": ">",
            "value0": 0
          },
          {
            "test_type": "UnitCountInBase",
            "unit_type_string0": "Structure & NukeDefense",
            "compare0": "<",
            "value0": 1
          },
          {
            "test_type": "CanFindPlaceToBuild",
            "string0": "AntiNukeSilo"
          }
        ],
        [
          {
            "test_type": "HasPersonalityTag",
            "string0": "Fortress",
            "boolean": true
          },
          {
            "test_type": "CanAffordPotentialDrain",
            "string0": "AntiNukeSilo"
          },
          {
            "test_type": "HaveHadANukeEvent",
            "boolean": true
          },
          {
            "test_type": "UnitCountInBase",
            "unit_type_string0": "Structure & (PlanetEngine | ControlModule)",
            "compare0": ">",
            "value0": 0
          },
          {
            "test_type": "UnitCountInBase",
            "unit_type_string0": "Structure & NukeDefense",
            "compare0": "<",
            "value0": 1
          },
          {
            "test_type": "CanFindPlaceToBuild",
            "string0": "AntiNukeSilo"
          }
        ]
      ],
      "placement_rules": {
        "buffer": 2,
        "placement_type": "FromBaseCenter",
        "unit_count_rules": [
          {
            "unit_type_string": "Structure & ((EnergyProduction & Advanced) | Factory)",
            "alliance": "Ally",
            "compare_type": ">=",
            "range": 150,
            "count": 3
          },
          {
            "unit_type_string": "Structure & NukeDefense",
            "alliance": "Ally",
            "compare_type": "<",
            "range": 150,
            "count": 1
          }
        ]
      }
    },
    {
      "name": "Fortress - Advanced Naval Defense",
      "to_build": "AdvancedNavalDefense",
      "instance_count": 1,
      "priority": 455,
      "base_sort": "FromPerimeter",
      "builders": ["AnyAdvancedFabber"],
      "build_conditions": [
        [
          {
            "test_type": "HasPersonalityTag",
            "string0": "Fortress",
            "boolean": true
          },
          {
            "test_type": "CanDeployNavalFromBase",
            "boolean": true
          },
          {
            "test_type": "CanAffordBuildDemand"
          },
          {
            "test_type": "PlanetThreat",
            "string0": "Naval",
            "compare0": ">",
            "value0": 0
          },
          {
            "test_type": "UnitCountInBase",
            "unit_type_string0": "Structure & Advanced & Naval & Defense",
            "compare0": "<",
            "value0": 4
          },
          {
            "test_type": "UnitCountInBase",
            "unit_type_string0": "Structure & (EnergyProduction | Factory)",
            "compare0": ">=",
            "value0": 3
          },
          {
            "test_type": "HaveSeenEnemyUnits",
            "unit_type_string0": "Mobile & Naval & Advanced",
            "boolean": true
          },
          {
            "test_type": "CanFindPlaceToBuild",
            "string0": "AdvancedNavalDefense"
          }
        ]
      ],
      "placement_rules": {
        "buffer": 2,
        "placement_type": "FromMainBasePerimeter",
        "unit_count_rules": [
          {
            "unit_type_string": "Structure & (EnergyProduction | Factory | Tactical | Artillery)",
            "alliance": "Ally",
            "compare_type": ">=",
            "range": 50,
            "count": 1
          },
          {
            "unit_type_string": "Structure & Advanced & Naval & Defense",
            "alliance": "Ally",
            "compare_type": "<",
            "range": 50,
            "count": 1
          }
        ]
      }
    },
    {
      "name": "Fortress - Advanced Naval Defense - Threat",
      "to_build": "AdvancedNavalDefense",
      "instance_count": 1,
      "priority": 479,
      "base_sort": "FromPerimeter",
      "builders": ["AnyAdvancedFabber"],
      "build_conditions": [
        [
          {
            "test_type": "HasPersonalityTag",
            "string0": "Fortress",
            "boolean": true
          },
          {
            "test_type": "CanDeployNavalFromBase",
            "boolean": true
          },
          {
            "test_type": "CanAffordBuildDemand"
          },
          {
            "test_type": "PlanetThreat",
            "string0": "Naval",
            "compare0": ">",
            "value0": 0
          },
          {
            "test_type": "UnitCountInBase",
            "unit_type_string0": "Structure & Advanced & Naval & Defense",
            "compare0": "<",
            "value0": 4
          },
          {
            "test_type": "PlanetHighestEnemyArmyThreatRatio",
            "string0": "Naval",
            "string1": "AntiSurface",
            "compare0": ">",
            "value0": 1.0
          },
          {
            "test_type": "UnitCountInBase",
            "unit_type_string0": "Structure & (EnergyProduction | Factory)",
            "compare0": ">=",
            "value0": 3
          },
          {
            "test_type": "HaveSeenEnemyUnits",
            "unit_type_string0": "Mobile & Naval & Advanced",
            "boolean": true
          },
          {
            "test_type": "CanFindPlaceToBuild",
            "string0": "AdvancedNavalDefense"
          }
        ],
        [
          {
            "test_type": "HasPersonalityTag",
            "string0": "Fortress",
            "boolean": true
          },
          {
            "test_type": "CanDeployNavalFromBase",
            "boolean": true
          },
          {
            "test_type": "CanAffordBuildDemand"
          },
          {
            "test_type": "PlanetThreat",
            "string0": "Naval",
            "compare0": ">",
            "value0": 0
          },
          {
            "test_type": "UnitCountInBase",
            "unit_type_string0": "Structure & Advanced & Naval & Defense",
            "compare0": "<",
            "value0": 4
          },
          {
            "test_type": "PlanetHighestEnemyArmyThreatRatio",
            "string0": "Sub",
            "string1": "AntiSub",
            "compare0": ">",
            "value0": 1.0
          },
          {
            "test_type": "UnitCountInBase",
            "unit_type_string0": "Structure & (EnergyProduction | Factory)",
            "compare0": ">=",
            "value0": 3
          },
          {
            "test_type": "HaveSeenEnemyUnits",
            "unit_type_string0": "Mobile & Sub & Advanced",
            "boolean": true
          },
          {
            "test_type": "CanFindPlaceToBuild",
            "string0": "AdvancedNavalDefense"
          }
        ]
      ],
      "placement_rules": {
        "buffer": 2,
        "placement_type": "FromMainBaseCenter",
        "unit_count_rules": [
          {
            "unit_type_string": "Structure & (EnergyProduction | Factory | Tactical | Artillery)",
            "alliance": "Ally",
            "compare_type": ">=",
            "range": 50,
            "count": 1
          },
          {
            "unit_type_string": "Structure & Advanced & Naval & Defense",
            "alliance": "Ally",
            "compare_type": "<",
            "range": 75,
            "count": 2
          }
        ]
      }
    }
  ]
}
