{
  "build_list": [
    {
      "name": "Basic Radar",
      "to_build": "BasicRadar",
      "instance_count": 1,
      "shared_instance_count": "BasicRadar",
      "priority": 90,
      "builders": ["AnyBasicFabber"],
      "build_conditions": [
        [
          {
            "test_type": "CanAffordBuildDemand"
          },
          {
            "test_type": "UnitCountOnPlanet",
            "unit_type_string0": "((Recon & Structure - Orbital) | (Recon & Orbital - Structure)) - RadarJammer",
            "compare0": "<",
            "value0": 1
          },
          {
            "test_type": "UnitCountInBase",
            "unit_type_string0": "Land & Structure & Recon & Basic - RadarJammer",
            "compare0": "<",
            "value0": 1
          },
          {
            "test_type": "CanAffordPotentialDrain",
            "string0": "BasicRadar"
          },
          {
            "test_type": "UnitCountAroundBase",
            "unit_type_string0": "Land & Structure & Recon & Basic - RadarJammer",
            "string0": "Ally",
            "value0": 200,
            "compare0": "<",
            "value1": 1
          },
          {
            "test_type": "CanFindPlaceToBuild",
            "string0": "BasicRadar"
          }
        ]
      ],
      "placement_rules": {
        "buffer": 2,
        "threat": {
          "influence_type": "AntiSurface",
          "compare_type": "<",
          "radius": 10,
          "value": 50
        }
      }
    },
    {
      "name": "Basic Radar - Need for Ranged",
      "to_build": "BasicRadar",
      "instance_count": 1,
      "shared_instance_count": "BasicRadar",
      "priority": 246,
      "builders": ["AnyBasicFabber"],
      "build_conditions": [
        [
          {
            "test_type": "CanAffordBuildDemand"
          },
          {
            "test_type": "UnitCountOnPlanet",
            "unit_type_string0": "((Recon & Structure - Orbital) | (Recon & Orbital - Structure)) - RadarJammer",
            "compare0": "<",
            "value0": 1
          },
          {
            "test_type": "UnitCountInBase",
            "unit_type_string0": "Land & Structure & Recon & Basic - RadarJammer",
            "compare0": "<",
            "value0": 1
          },
          {
            "test_type": "UnitCountInBase",
            "unit_type_string0": "Structure & (Artillery | Tactical)",
            "compare0": ">",
            "value0": 0
          },
          {
            "test_type": "CanAffordPotentialDrain",
            "string0": "BasicRadar"
          },
          {
            "test_type": "UnitCountAroundBase",
            "unit_type_string0": "Land & Structure & Recon & Basic - RadarJammer",
            "string0": "Ally",
            "value0": 200,
            "compare0": "<",
            "value1": 1
          },
          {
            "test_type": "CanFindPlaceToBuild",
            "string0": "BasicRadar"
          }
        ]
      ],
      "placement_rules": {
        "buffer": 2,
        "threat": {
          "influence_type": "AntiSurface",
          "compare_type": "<",
          "radius": 10,
          "value": 50
        }
      }
    },
    {
      "name": "Basic Radar - Have none",
      "to_build": "BasicRadar",
      "instance_count": 1,
      "shared_instance_count": "BasicRadar",
      "priority": 605,
      "builders": ["AnyBasicFabber"],
      "build_conditions": [
        [
          {
            "test_type": "CanAffordBuildDemand"
          },
          {
            "test_type": "UnitCountOnPlanet",
            "unit_type_string0": "(Factory & Construction) - Orbital - NukeDefense - Nuke - SelfDestruct",
            "compare0": ">",
            "value0": 1
          },
          {
            "test_type": "UnitCountOnPlanet",
            "unit_type_string0": "((Recon & Structure - Orbital) | (Recon & Orbital - Structure)) - RadarJammer",
            "compare0": "<",
            "value0": 1
          },
          {
            "test_type": "CanAffordPotentialDrain",
            "string0": "BasicRadar"
          },
          {
            "test_type": "CanFindPlaceToBuild",
            "string0": "BasicRadar"
          }
        ]
      ],
      "placement_rules": {
        "buffer": 2,
        "threat": {
          "influence_type": "AntiSurface",
          "compare_type": "<",
          "radius": 10,
          "value": 50
        }
      }
    },
    {
      "name": "Advanced Radar",
      "to_build": "AdvancedRadar",
      "instance_count": 1,
      "shared_instance_count": "AdvancedRadar",
      "priority": 91,
      "builders": ["AnyAdvancedFabber", "SupportCommander"],
      "build_conditions": [
        [
          {
            "test_type": "CanAffordBuildDemand"
          },
          {
            "test_type": "UnitCountInBase",
            "unit_type_string0": "Land & Structure & Recon & Advanced - RadarJammer",
            "compare0": "<",
            "value0": 1
          },
          {
            "test_type": "CanAffordPotentialDrain",
            "string0": "AdvancedRadar"
          },
          {
            "test_type": "UnitCountAroundBase",
            "unit_type_string0": "Land & Structure & Recon & Advanced - RadarJammer",
            "string0": "Ally",
            "value0": 350,
            "compare0": "<",
            "value1": 1
          },
          {
            "test_type": "CanFindPlaceToBuild",
            "string0": "AdvancedRadar"
          }
        ]
      ],
      "placement_rules": {
        "buffer": 2,
        "threat": {
          "influence_type": "AntiSurface",
          "compare_type": "<",
          "radius": 10,
          "value": 50
        }
      }
    },
    {
      "name": "Advanced Radar - Need for Ranged",
      "to_build": "AdvancedRadar",
      "instance_count": 1,
      "shared_instance_count": "AdvancedRadar",
      "priority": 247,
      "builders": ["AnyAdvancedFabber", "SupportCommander"],
      "build_conditions": [
        [
          {
            "test_type": "CanAffordBuildDemand"
          },
          {
            "test_type": "UnitCountInBase",
            "unit_type_string0": "Land & Structure & Recon & Advanced - RadarJammer",
            "compare0": "<",
            "value0": 1
          },
          {
            "test_type": "CanAffordPotentialDrain",
            "string0": "AdvancedRadar"
          },
          {
            "test_type": "UnitCountInBase",
            "unit_type_string0": "Structure & (Artillery | Tactical)",
            "compare0": ">",
            "value0": 0
          },
          {
            "test_type": "UnitCountAroundBase",
            "unit_type_string0": "Land & Structure & Recon & Advanced - RadarJammer",
            "string0": "Ally",
            "value0": 350,
            "compare0": "<",
            "value1": 1
          },
          {
            "test_type": "CanFindPlaceToBuild",
            "string0": "AdvancedRadar"
          }
        ]
      ],
      "placement_rules": {
        "buffer": 2,
        "threat": {
          "influence_type": "AntiSurface",
          "compare_type": "<",
          "radius": 10,
          "value": 50
        }
      }
    },
    {
      "name": "Advanced Radar - Have none",
      "to_build": "AdvancedRadar",
      "instance_count": 1,
      "shared_instance_count": "AdvancedRadar",
      "priority": 265,
      "builders": ["AnyAdvancedFabber", "SupportCommander"],
      "build_conditions": [
        [
          {
            "test_type": "CanAffordBuildDemand"
          },
          {
            "test_type": "UnitCountOnPlanet",
            "unit_type_string0": "((Recon & Structure - Orbital) | (Recon & Orbital - Structure)) - RadarJammer",
            "compare0": "<",
            "value0": 1
          },
          {
            "test_type": "CanAffordPotentialDrain",
            "string0": "AdvancedRadar"
          },
          {
            "test_type": "CanFindPlaceToBuild",
            "string0": "AdvancedRadar"
          }
        ]
      ],
      "placement_rules": {
        "buffer": 2,
        "threat": {
          "influence_type": "AntiSurface",
          "compare_type": "<",
          "radius": 10,
          "value": 50
        }
      }
    },
    {
      "name": "Radar Jammer",
      "to_build": "RadarJammer",
      "instance_count": 1,
      "shared_instance_count": "RadarJammer",
      "priority": 91,
      "builders": ["AnyAdvancedFabber", "SupportCommander"],
      "build_conditions": [
        [
          {
            "test_type": "CanAffordBuildDemand"
          },
          {
            "test_type": "UnitCountInBase",
            "unit_type_string0": "RadarJammer & (Structure | Orbital)",
            "compare0": "<",
            "value0": 1
          },
          {
            "test_type": "CanAffordPotentialDrain",
            "string0": "RadarJammer"
          },
          {
            "test_type": "UnitCountAroundBase",
            "unit_type_string0": "RadarJammer & (Structure | Orbital)",
            "string0": "Ally",
            "value0": 200,
            "compare0": "<",
            "value1": 1
          },
          {
            "test_type": "CanFindPlaceToBuild",
            "string0": "RadarJammer"
          }
        ]
      ],
      "placement_rules": {
        "buffer": 2,
        "threat": {
          "influence_type": "AntiSurface",
          "compare_type": "<",
          "radius": 10,
          "value": 50
        }
      }
    },
    {
      "name": "Radar Jammer - Have none",
      "to_build": "RadarJammer",
      "instance_count": 1,
      "shared_instance_count": "RadarJammer",
      "priority": 265,
      "builders": ["AnyAdvancedFabber", "SupportCommander"],
      "build_conditions": [
        [
          {
            "test_type": "CanAffordBuildDemand"
          },
          {
            "test_type": "UnitCountOnPlanet",
            "unit_type_string0": "RadarJammer & (Structure | Orbital)",
            "compare0": "<",
            "value0": 1
          },
          {
            "test_type": "CanAffordPotentialDrain",
            "string0": "RadarJammer"
          },
          {
            "test_type": "CanFindPlaceToBuild",
            "string0": "RadarJammer"
          }
        ]
      ],
      "placement_rules": {
        "buffer": 2,
        "threat": {
          "influence_type": "AntiSurface",
          "compare_type": "<",
          "radius": 10,
          "value": 50
        }
      }
    }
  ]
}
