{
  "build_list": [
    {
      "name": "Orbital Launcher - Commander",
      "to_build": "OrbitalLauncher",
      "instance_count": 1,
      "shared_instance_count": "OrbitalLauncher",
      "priority": 485,
      "max_num_assisters": 3,
      "builders": ["Commander"],
      "build_conditions": [
        [
          {
            "test_type": "CanAffordBuildDemand"
          },
          {
            "test_type": "CanAffordPotentialDrain",
            "string0": "OrbitalLauncher"
          },
          {
            "test_type": "HasPersonalityTag",
            "string0": "Tutorial",
            "boolean": false
          },
          {
            "test_type": "WantCommanderOffPlanet",
            "boolean": false
          },
          {
            "test_type": "NeedOrbitalLauncher"
          },
          {
            "test_type": "UnitCountOnPlanet",
            "unit_type_string0": "(Factory & Advanced) - Orbital - Nuke - NukeDefense - SelfDestruct",
            "compare0": ">=",
            "value0": 1
          },
          {
            "test_type": "CanFindPlaceToBuild",
            "string0": "OrbitalLauncher"
          }
        ],
        [
          {
            "test_type": "CanAffordBuildDemand"
          },
          {
            "test_type": "CanAffordPotentialDrain",
            "string0": "OrbitalLauncher"
          },
          {
            "test_type": "HasPersonalityTag",
            "string0": "Tutorial",
            "boolean": false
          },
          {
            "test_type": "PlanetWithoutPresence",
            "boolean": true
          },
          {
            "test_type": "NeedOrbitalLauncher"
          },
          {
            "test_type": "UnitCountOnPlanet",
            "unit_type_string0": "Factory - Orbital - Nuke - NukeDefense",
            "compare0": ">=",
            "value0": 2
          },
          {
            "test_type": "CanFindPlaceToBuild",
            "string0": "OrbitalLauncher"
          }
        ]
      ],
      "placement_rules": {
        "buffer": 5
      }
    },
    {
      "name": "Orbital Launcher - Rush - Commander",
      "to_build": "OrbitalLauncher",
      "instance_count": 1,
      "shared_instance_count": "OrbitalLauncher",
      "min_num_assisters": 3,
      "max_num_assisters": 5,
      "priority": 486,
      "builders": ["Commander"],
      "build_conditions": [
        [
          {
            "test_type": "WantCommanderOffPlanet",
            "boolean": true
          },
          {
            "test_type": "NeedOrbitalLauncher"
          },
          {
            "test_type": "HasPersonalityTag",
            "string0": "Tutorial",
            "boolean": false
          },
          {
            "test_type": "UnitCountOnPlanet",
            "unit_type_string0": "Factory - Orbital - Nuke - NukeDefense",
            "compare0": ">=",
            "value0": 2
          },
          {
            "test_type": "UnitCountOnPlanet",
            "unit_type_string0": "Fabber - (Naval & Orbital)",
            "compare0": ">=",
            "value0": 3
          },
          {
            "test_type": "UnitCountOnPlanet",
            "unit_type_string0": "Orbital & Factory & Land",
            "compare0": "<",
            "value0": 1
          },
          {
            "test_type": "CanFindPlaceToBuild",
            "string0": "OrbitalLauncher"
          }
        ],
        [
          {
            "test_type": "UnableToExpand",
            "boolean": true
          },
          {
            "test_type": "HasPersonalityTag",
            "string0": "Tutorial",
            "boolean": false
          },
          {
            "test_type": "PlanetWithoutPresence",
            "boolean": true
          },
          {
            "test_type": "NeedOrbitalLauncher"
          },
          {
            "test_type": "UnitCountOnPlanet",
            "unit_type_string0": "Factory - Orbital - Nuke - NukeDefense",
            "compare0": ">=",
            "value0": 2
          },
          {
            "test_type": "UnitCountOnPlanet",
            "unit_type_string0": "Fabber",
            "compare0": ">=",
            "value0": 2
          },
          {
            "test_type": "UnitCountOnPlanet",
            "unit_type_string0": "Orbital & Factory & Land",
            "compare0": "<",
            "value0": 1
          },
          {
            "test_type": "CanFindPlaceToBuild",
            "string0": "OrbitalLauncher"
          }
        ],
        [
          {
            "test_type": "AloneOnPlanet",
            "boolean": true
          },
          {
            "test_type": "HasPersonalityTag",
            "string0": "Tutorial",
            "boolean": false
          },
          {
            "test_type": "PlanetWithoutPresence",
            "boolean": true
          },
          {
            "test_type": "NeedOrbitalLauncher"
          },
          {
            "test_type": "UnitCountOnPlanet",
            "unit_type_string0": "Factory - Orbital - Nuke - NukeDefense",
            "compare0": ">=",
            "value0": 2
          },
          {
            "test_type": "UnitCountOnPlanet",
            "unit_type_string0": "Fabber",
            "compare0": ">=",
            "value0": 2
          },
          {
            "test_type": "UnitCountOnPlanet",
            "unit_type_string0": "Orbital & Factory & Land",
            "compare0": "<",
            "value0": 1
          },
          {
            "test_type": "CanFindPlaceToBuild",
            "string0": "OrbitalLauncher"
          }
        ]
      ],
      "placement_rules": {
        "buffer": 5
      }
    }
  ]
}
