{
  "build_list": [
    {
      "name": "Basic Air Factory - Stuck",
      "to_build": "BasicAirFactory",
      "instance_count": 1,
      "shared_instance_count": "BasicFactory",
      "priority": 10,
      "min_num_assisters": 2,
      "max_num_assisters": 5,
      "builders": ["Commander"],
      "build_conditions": [
        [
          {
            "test_type": "HaveEcoForAdvanced",
            "boolean": false
          },
          {
            "test_type": "HasPersonalityTag",
            "string0": "Tutorial",
            "boolean": false
          },
          {
            "test_type": "NeedBasicAirFactory",
            "boolean": false
          },
          {
            "test_type": "UnitCount",
            "unit_type_string0": "(Factory & Construction) - Orbital",
            "compare0": "<",
            "value0": 1
          },
          {
            "test_type": "CanFindPlaceToBuild",
            "string0": "BasicAirFactory"
          }
        ]
      ],
      "placement_rules": {
        "buffer": 3,
        "threat": {
          "influence_type": "AntiSurface",
          "compare_type": "<",
          "radius": 10,
          "value": 50
        }
      }
    },
    {
      "name": "Basic Bot Factory - Stuck",
      "to_build": "BasicBotFactory",
      "instance_count": 1,
      "shared_instance_count": "BasicFactory",
      "priority": 10,
      "min_num_assisters": 2,
      "max_num_assisters": 5,
      "builders": ["Commander"],
      "build_conditions": [
        [
          {
            "test_type": "HaveEcoForAdvanced",
            "boolean": false
          },
          {
            "test_type": "NeedBasicBotFactory",
            "boolean": false
          },
          {
            "test_type": "CanDeployLandFromBase",
            "boolean": true
          },
          {
            "test_type": "UnitCount",
            "unit_type_string0": "(Factory & Construction) - Orbital",
            "compare0": "<",
            "value0": 1
          },
          {
            "test_type": "CanFindPlaceToBuild",
            "string0": "BasicBotFactory"
          }
        ]
      ],
      "placement_rules": {
        "buffer": 3,
        "threat": {
          "influence_type": "AntiSurface",
          "compare_type": "<",
          "radius": 10,
          "value": 50
        }
      }
    },
    {
      "name": "Basic Vehicle Factory - Stuck",
      "to_build": "BasicVehicleFactory",
      "instance_count": 1,
      "shared_instance_count": "BasicFactory",
      "priority": 10,
      "min_num_assisters": 2,
      "max_num_assisters": 5,
      "builders": ["Commander"],
      "build_conditions": [
        [
          {
            "test_type": "HaveEcoForAdvanced",
            "boolean": false
          },
          {
            "test_type": "NeedBasicVehicleFactory",
            "boolean": false
          },
          {
            "test_type": "CanDeployLandFromBase",
            "boolean": true
          },
          {
            "test_type": "UnitCount",
            "unit_type_string0": "(Factory & Construction) - Orbital",
            "compare0": "<",
            "value0": 1
          },
          {
            "test_type": "CanFindPlaceToBuild",
            "string0": "BasicVehicleFactory"
          }
        ]
      ],
      "placement_rules": {
        "buffer": 3,
        "threat": {
          "influence_type": "AntiSurface",
          "compare_type": "<",
          "radius": 10,
          "value": 50
        }
      }
    }
  ]
}
