{
  "unit_map": {
    "SupportCommander": {
      "unit_types": "SupportCommander & Custom58"
    },
    "HeavyBomber": {
      "spec_id": "/pa/units/air/bomber_heavy/bomber_heavy.json"
    },
    "SupportPlatform": {
      "spec_id": "/pa/units/air/support_platform/support_platform.json"
    },
    "SolarDrone": {
      "spec_id": "/pa/units/air/solar_drone/solar_drone.json"
    },
    "TeslaGunship": {
      "spec_id": "/pa/units/air/titan_air/titan_air.json"
    },
    "Strafer": {
      "spec_id": "/pa/units/air/strafer/strafer.json"
    },
    "NanoSwarm": {
      "spec_id": "/pa/units/land/bot_nanoswarm/bot_nanoswarm.json"
    },
    "TeslaBot": {
      "spec_id": "/pa/units/land/bot_tesla/bot_tesla.json"
    },
    "SeismicBot": {
      "spec_id": "/pa/units/land/titan_bot/titan_bot.json"
    },
    "HoverTank": {
      "spec_id": "/pa/units/land/tank_hover/tank_hover.json"
    },
    "FlakTank": {
      "spec_id": "/pa/units/land/tank_flak/tank_flak.json"
    },
    "NukeTank": {
      "spec_id": "/pa/units/land/tank_nuke/tank_nuke.json"
    },
    "FortressVehicle": {
      "spec_id": "/pa/units/land/titan_vehicle/titan_vehicle.json"
    },
    "AttackVehicle": {
      "spec_id": "/pa/units/land/attack_vehicle/attack_vehicle.json"
    },
    "HoverShip": {
      "spec_id": "/pa/units/sea/hover_ship/hover_ship.json"
    },
    "DroneCarrier": {
      "spec_id": "/pa/units/sea/drone_carrier/carrier/carrier.json"
    },
    "SupportBarge": {
      "spec_id": "/pa/units/sea/fabrication_barge/fabrication_barge.json"
    },
    "OrbitalProbe": {
      "spec_id": "/pa/units/orbital/orbital_probe/orbital_probe.json"
    },
    "OrbitalRailgun": {
      "spec_id": "/pa/units/orbital/orbital_railgun/orbital_railgun.json"
    },
    "OrbitalBattleShip": {
      "spec_id": "/pa/units/orbital/orbital_battleship/orbital_battleship.json"
    },
    "MotherShip": {
      "spec_id": "/pa/units/orbital/titan_orbital/titan_orbital.json"
    },
    "MiniUnitCannon": {
      "spec_id": "/pa/units/land/artillery_unit_launcher/artillery_unit_launcher.json"
    },
    "PlanetSplitter": {
      "spec_id": "/pa/units/land/titan_structure/titan_structure.json"
    }
  }
}
