{
  "context": "server",
  "identifier": "com.pa.quitch.qaipersonalities",
  "display_name": "Penchant AI",
  "description": "Introduces over 30 new personalities for the AI. Tailor it to play however you want, or just have it use a random personality. Compatible with the Queller AI. Does not affect Galactic War. See the forum thread below for full personality descriptions.",
  "author": "Quitch",
  "version": "3.4.1",
  "build": "120799",
  "date": "2024-07-31",
  "signature": " ",
  "forum": "https://steamcommunity.com/app/386070/discussions/0/1694914736008697542/",
  "category": [
    "ai",
    "ki",
    "ia",
    "si",
    "ИИ",
    "电脑",
    "電腦",
    "titans",
    "skirmish"
  ],
  "icon": "https://raw.githubusercontent.com/Quitch/AI-Personalities/master/images/icon.png",
  "scenes": {
    "new_game": ["coui://ui/mods/com.pa.quitch.qaipersonalities/new_game.js"]
  },
  "priority": 100,
  "titansOnly": true,
  "github": "https://github.com/Quitch/AI-Personalities"
}
