{"mount_order":["community-mods-server","com.pa.ferretmaster.commander-merge","com.pa.quitch.qaipersonalities"],"mods":[{"identifier":"community-mods-server","context":"server","installedPath":"/download/community-mods-server.zip","mountPath":"/server_mods/"},{"author":"Ferretmaster","authors":["Ferretmaster"],"build":"120799","category":["in-game","titans","ui"],"classic":false,"classicOnly":false,"companions":[],"conflicts":{},"context":"server","date":"2024-07-24","dependencies":[],"description":"A mod that merges commanders for supported factions to allow hosting them together","display_name":"Faction Compatibility Mod","enabled":true,"forum":"https://github.com/Ferret-Master/Commander-Merger","framework":false,"github":"","icon":"https://github.com/Ferret-Master/Commander-Merger/blob/main/Faction_Merger.png?raw=true","identifier":"com.pa.ferretmaster.commander-merge","md5":"eead3b56b6c15a4fc988fbc61c20ba5a","priority":90,"scenes":{"new_game":["coui://ui/mods/commander_merge/new_game/commander-merge.js","coui://ui/mods/commander_merge/new_game/new_game.js"]},"searchable":["compatibility","in-game","titans","mod","faction","ferretmaster","ui"],"signature":"not yet implemented","size":44763,"sort":"faction compatibility mod","systems":null,"timestamp":1721779200000,"titans":false,"titansOnly":false,"url":"https://github.com/Ferret-Master/Commander-Merger/archive/refs/heads/main.zip","version":"1.13","installed":1727589771257,"installedPath":"/download/com.pa.ferretmaster.commander-merge.zip","mountPath":"/server_mods/com.pa.ferretmaster.commander-merge/","downloaded":0,"available":false},{"author":"Quitch","authors":["Quitch"],"build":"120799","category":["si","skirmish","ai","电脑","ИИ","ia","電腦","ki","titans"],"classic":false,"classicOnly":false,"companions":[],"conflicts":{},"context":"server","date":"2024-07-31","dependencies":[],"description":"Introduces over 30 new personalities for the AI. Tailor it to play however you want, or just have it use a random personality. Compatible with the Queller AI. Does not affect Galactic War. See the forum thread below for full personality descriptions.","disabled":false,"display_name":"Penchant AI","download":"https://mods.planetaryannihilation.net/community-mods/downloads/com.pa.quitch.qaipersonalities.zip","enabled":true,"fileSystem":false,"forum":"https://steamcommunity.com/app/386070/discussions/0/1694914736008697542/","framework":false,"github":"https://github.com/Quitch/AI-Personalities","icon":"https://raw.githubusercontent.com/Quitch/AI-Personalities/master/images/icon.png","iconDownload":"https://mods.planetaryannihilation.net/community-mods/downloads/com.pa.quitch.qaipersonalities-icon.png","identifier":"com.pa.quitch.qaipersonalities","md5":"6459b12dd42b21cb91dde0baf40496fd","priority":100,"scenes":{"new_game":["coui://ui/mods/com.pa.quitch.qaipersonalities/new_game.js"]},"searchable":["si","personalities","penchant","skirmish","电脑","ai","ИИ","quitch","ia","電腦","ии","multiplayer","ki","classic","titans"],"signature":" ","size":63629,"sort":"penchant ai","systems":null,"timestamp":1722384000000,"titans":true,"titansOnly":true,"url":"https://github.com/Quitch/AI-Personalities/archive/master.zip","version":"3.4.1","installed":1727589756368,"installedPath":"/download/com.pa.quitch.qaipersonalities.zip","mountPath":"/server_mods/com.pa.quitch.qaipersonalities/","downloaded":0,"available":false}]}