{
  "build_list": [
    {
      "name": "Basic Assault Bot - UC",
      "to_build": "BasicAssaultBot",
      "instance_count": -1,
      "max_num_assisters": 10,
      "priority": 100,
      "builders": ["UnitCannon"],
      "build_conditions": [
        [
          {
            "test_type": "HasPersonalityTag",
            "string0": "PenchantT1Bot",
            "boolean": false
          },
          {
            "test_type": "CanAffordBuildDemand"
          }
        ]
      ]
    },
    {
      "name": "Basic Artillery Bot - UC",
      "to_build": "BasicArtilleryBot",
      "instance_count": -1,
      "max_num_assisters": 10,
      "priority": 100,
      "builders": ["UnitCannon"],
      "build_conditions": [
        [
          {
            "test_type": "HasPersonalityTag",
            "string0": "PenchantT1Bot",
            "boolean": false
          },
          {
            "test_type": "CanAffordBuildDemand"
          }
        ]
      ]
    },
    {
      "name": "Boom Bot - UC",
      "to_build": "BoomBot",
      "instance_count": -1,
      "max_num_assisters": 10,
      "priority": 100,
      "builders": ["UnitCannon"],
      "build_conditions": [
        [
          {
            "test_type": "HasPersonalityTag",
            "string0": "PenchantT1Bot",
            "boolean": false
          },
          {
            "test_type": "CanAffordBuildDemand"
          }
        ]
      ]
    },
    {
      "name": "Light Laser Tank - UC",
      "to_build": "LightLaserTank",
      "instance_count": -1,
      "max_num_assisters": 10,
      "priority": 100,
      "builders": ["UnitCannon"],
      "build_conditions": [
        [
          {
            "test_type": "HasPersonalityTag",
            "string0": "PenchantT1Vehicle",
            "boolean": false
          },
          {
            "test_type": "CanAffordBuildDemand"
          }
        ]
      ]
    },
    {
      "name": "Basic AA Vehicle - UC",
      "to_build": "BasicAAVehicle",
      "instance_count": 1,
      "max_num_assisters": 10,
      "priority": 100,
      "builders": ["UnitCannon"],
      "build_conditions": [
        [
          {
            "test_type": "HasPersonalityTag",
            "string0": "Raider",
            "boolean": false
          },
          {
            "test_type": "CanAffordBuildDemand"
          },
          {
            "test_type": "SystemThreat",
            "string0": "Air",
            "compare0": ">",
            "value0": 0
          }
        ]
      ]
    },
    {
      "name": "Advanced Assault Bot - UC",
      "to_build": "AdvancedAssaultBot",
      "instance_count": -1,
      "max_num_assisters": 10,
      "priority": 100,
      "builders": ["UnitCannon"],
      "build_conditions": [
        [
          {
            "test_type": "HasPersonalityTag",
            "string0": "PenchantT2Bot",
            "boolean": false
          },
          {
            "test_type": "CanAffordBuildDemand"
          }
        ]
      ]
    }
  ]
}
