{
  "build_list": [
    {
      "name": "Tesla Bot - UC",
      "to_build": "TeslaBot",
      "instance_count": -1,
      "max_num_assisters": 10,
      "priority": 100,
      "builders": ["UnitCannon"],
      "build_conditions": [
        [
          {
            "test_type": "HasPersonalityTag",
            "string0": "PenchantT1Bot",
            "boolean": false
          },
          {
            "test_type": "CanAffordBuildDemand"
          }
        ]
      ]
    },
    {
      "name": "NanoSwarm - UC",
      "to_build": "NanoSwarm",
      "instance_count": -1,
      "max_num_assisters": 10,
      "priority": 100,
      "builders": ["UnitCannon"],
      "build_conditions": [
        [
          {
            "test_type": "HasPersonalityTag",
            "string0": "PenchantT2Bot",
            "boolean": false
          },
          {
            "test_type": "CanAffordBuildDemand"
          }
        ]
      ]
    },
    {
      "name": "Basic AA Bot - UC",
      "to_build": "BasicAABot",
      "instance_count": 1,
      "max_num_assisters": 10,
      "priority": 100,
      "builders": ["UnitCannon"],
      "build_conditions": [
        [
          {
            "test_type": "CanAffordBuildDemand"
          }
        ]
      ]
    }
  ]
}
