{
  "build_list": [
    {
      "name": "Attack Vehicle - UC",
      "to_build": "AttackVehicle",
      "instance_count": -1,
      "max_num_assisters": 10,
      "priority": 100,
      "builders": ["UnitCannon"],
      "build_conditions": [
        [
          {
            "test_type": "HasPersonalityTag",
            "string0": "PenchantT1Vehicle",
            "boolean": false
          },
          {
            "test_type": "CanAffordBuildDemand"
          }
        ]
      ]
    },
    {
      "name": "Basic AA Bot - UC",
      "to_build": "BasicAABot",
      "instance_count": 1,
      "priority": 100,
      "builders": ["UnitCannon"],
      "build_conditions": [
        [
          {
            "test_type": "CanAffordBuildDemand"
          },
          {
            "test_type": "SystemThreat",
            "string0": "Air",
            "compare0": ">",
            "value0": 0
          }
        ]
      ]
    }
  ]
}
