{
    "author": "Grand Homie, Dissonant",
    "build": "113132",
    "context": "server",
    "date": "2019-06-10",
    "description": "Server side mod for Simple Biomes: grass (grass without reclaimable trees), sandstone (desert only), arctic (ice only), and gas_small/gas_yellow/gas_violet.",
    "display_name": "Simple Biomes - Server",
    "forum": "https://forums.planetaryannihilation.com/threads/simple-biomes.73248/",
    "icon": "https://i.imgur.com/CpfqFdx.png",
    "identifier": "com.pa.grandhomie.simplebiomes.server",
    "signature": "not yet implemented",
    "version": "1.5",
    "priority": 100,
    "category": [
        "biomes"
    ],
    "companions": [
        "com.pa.grandhomie.simplebiomes.client"
    ],
    "dependencies": [
        "com.pa.grandhomie.simplebiomes.client"
    ]
}
