{
    "ammo_capacity": 999999,
    "ammo_demand": 999999,
    "ammo_id": "/pa/units/land/bot_bomb/bot_bomb_ammo.json",
    "ammo_per_shot": 999999,
    "ammo_source": "metal",
    "auto_fire_when_charged": true,
    "base_spec": "/pa/tools/base_artillery_turret/base_artillery_turret.json",
    "fire_delay": 1,
    "firing_arc_pitch": 360,
    "firing_arc_yaw": 360,
    "max_range": 0,
    "only_fire_once": true,
    "pitch_range": 0,
    "pitch_rate": 0,
    "self_destruct": true,
    "rate_of_fire": 1.0,
    "start_fully_charged": false,
    "yaw_range": 0,
    "yaw_rate": 0
  }