{
  "context": "client",
  "identifier": "com.pa.quitch.gwaioverhaul",
  "display_name": "Galactic War Overhaul",
  "description": "Make Galactic War more exciting, more replayable, and if desired, more challenging. Featuring more systems, more tech cards, more factions, more game modes, more AI personalities, more difficulty levels, more unlocks, more strategy, and more AI brains. Start a new war to enjoy all the new features. Check out the new war tooltips for more information and difficulty recommendations. Recommended accompanying mods: Shared Systems for galactic war, AI Chat, and Show AI Personality Names",
  "author": "Quitch",
  "version": "5.75.2",
  "build": "120799",
  "date": "2024-09-13",
  "signature": " ",
  "forum": "https://steamcommunity.com/app/386070/discussions/0/133259956005401439/",
  "category": [
    "titans",
    "ai",
    "ki",
    "ia",
    "si",
    "ИИ",
    "电脑",
    "電腦",
    "gw",
    "gameplay",
    "gwaio",
    "gwo"
  ],
  "icon": "https://raw.githubusercontent.com/Quitch/GW-AI-Overhaul/master/images/icon.png",
  "scenes": {
    "gw_start": [
      "coui://ui/mods/com.pa.quitch.gwaioverhaul/gw_start/gwo_start.css",
      "coui://ui/mods/com.pa.quitch.gwaioverhaul/gw_start/setup.js",
      "coui://ui/mods/com.pa.quitch.gwaioverhaul/gw_start/ui.js"
    ],
    "gw_play": [
      "coui://ui/mods/com.pa.quitch.gwaioverhaul/gw_play/bugfixes.js",
      "coui://ui/mods/com.pa.quitch.gwaioverhaul/gw_play/card_tooltips.js",
      "coui://ui/mods/com.pa.quitch.gwaioverhaul/gw_play/cards.css",
      "coui://ui/mods/com.pa.quitch.gwaioverhaul/gw_play/cards.js",
      "coui://ui/mods/com.pa.quitch.gwaioverhaul/gw_play/gwo_panel.css",
      "coui://ui/mods/com.pa.quitch.gwaioverhaul/gw_play/gwo_panel.js",
      "coui://ui/mods/com.pa.quitch.gwaioverhaul/gw_play/planets.css",
      "coui://ui/mods/com.pa.quitch.gwaioverhaul/gw_play/referee.js",
      "coui://ui/mods/com.pa.quitch.gwaioverhaul/gw_play/section_of_foreign_intelligence/section_of_foreign_intelligence.css",
      "coui://ui/mods/com.pa.quitch.gwaioverhaul/gw_play/section_of_foreign_intelligence/section_of_foreign_intelligence.js",
      "coui://ui/mods/com.pa.quitch.gwaioverhaul/gw_play/systems.js"
    ],
    "gw_war_over": [
      "coui://ui/mods/com.pa.quitch.gwaioverhaul/gw_war_over/stats.js"
    ],
    "live_game": [
      "coui://ui/mods/com.pa.quitch.gwaioverhaul/live_game/menu.js"
    ],
    "shared_build": [
      "coui://ui/mods/com.pa.quitch.gwaioverhaul/shared_build/planetary_radar.js"
    ]
  },
  "priority": 200,
  "titansOnly": true,
  "github": "https://github.com/Quitch/GW-AI-Overhaul"
}
