{
  "build_list": [
    {
      "name": "Assault - Advanced Gunship",
      "to_build": "AdvancedGunship",
      "instance_count": -1,
      "max_num_assisters": 15,
      "priority": 199,
      "builders": ["AdvancedAirFactory"],
      "build_conditions": [
        [
          {
            "test_type": "HasPersonalityTag",
            "string0": "Assault",
            "boolean": true
          },
          {
            "test_type": "AloneOnPlanet",
            "boolean": false
          },
          {
            "test_type": "CanAffordBuildDemand"
          }
        ],
        [
          {
            "test_type": "HasPersonalityTag",
            "string0": "Assault",
            "boolean": true
          },
          {
            "test_type": "AloneOnPlanet",
            "boolean": true
          },
          {
            "test_type": "CanAffordBuildDemand"
          },
          {
            "test_type": "UnitCountOnPlanet",
            "unit_type_string0": "Gunship",
            "compare0": "<",
            "value0": 20
          }
        ]
      ]
    },
    {
      "name": "Assault - Basic Assault Bot",
      "to_build": "BasicAssaultBot",
      "instance_count": -1,
      "max_num_assisters": 10,
      "priority": 97,
      "builders": ["BasicBotFactory"],
      "build_conditions": [
        [
          {
            "test_type": "HasPersonalityTag",
            "string0": "Assault",
            "boolean": true
          },
          {
            "test_type": "AloneOnPlanet",
            "boolean": false
          },
          {
            "test_type": "CanAffordBuildDemand"
          }
        ],
        [
          {
            "test_type": "HasPersonalityTag",
            "string0": "Assault",
            "boolean": true
          },
          {
            "test_type": "AloneOnPlanet",
            "boolean": true
          },
          {
            "test_type": "CanAffordBuildDemand"
          },
          {
            "test_type": "OtherPlanetCanReceiveLandUnitAssistance",
            "boolean": true
          },
          {
            "test_type": "UnitCountOnPlanet",
            "unit_type_string0": "Structure & Teleporter",
            "compare0": ">",
            "value0": 0
          }
        ],
        [
          {
            "test_type": "HasPersonalityTag",
            "string0": "Assault",
            "boolean": true
          },
          {
            "test_type": "BaseThreatened",
            "boolean": false
          },
          {
            "test_type": "UnitCountOnPlanet",
            "unit_type_string0": "(Tank | Air) & Factory",
            "compare0": "<",
            "value0": 1
          },
          {
            "test_type": "UnitCountPerPlanetRadius",
            "unit_type_string0": "(Bot & Mobile) - Fabber - AirDefense - Construction - Artillery - Heavy - SelfDestruct",
            "compare0": "<",
            "value0": 200
          },
          {
            "test_type": "HaveFullPlanetIntel",
            "boolean": false
          }
        ],
        [
          {
            "test_type": "HasPersonalityTag",
            "string0": "Assault",
            "boolean": true
          },
          {
            "test_type": "BaseThreatened",
            "boolean": false
          },
          {
            "test_type": "UnitCountOnPlanet",
            "unit_type_string0": "(Tank | Air) & Factory",
            "compare0": "<",
            "value0": 1
          },
          {
            "test_type": "UnitCountOnPlanet",
            "unit_type_string0": "(Bot & Mobile) - Fabber - AirDefense - Construction - Artillery - Heavy - SelfDestruct",
            "compare0": "<",
            "value0": 1
          },
          {
            "test_type": "HaveFullPlanetIntel",
            "boolean": false
          }
        ]
      ]
    },
    {
      "name": "Assault - Light Laser Tank",
      "to_build": "LightLaserTank",
      "instance_count": -1,
      "max_num_assisters": 10,
      "priority": 97,
      "builders": ["BasicVehicleFactory"],
      "build_conditions": [
        [
          {
            "test_type": "HasPersonalityTag",
            "string0": "Assault",
            "boolean": true
          },
          {
            "test_type": "AloneOnPlanet",
            "boolean": false
          },
          {
            "test_type": "CanDeployLandFromBase",
            "boolean": true
          },
          {
            "test_type": "CanAffordBuildDemand"
          }
        ],
        [
          {
            "test_type": "HasPersonalityTag",
            "string0": "Assault",
            "boolean": true
          },
          {
            "test_type": "AloneOnPlanet",
            "boolean": true
          },
          {
            "test_type": "CanAffordBuildDemand"
          },
          {
            "test_type": "OtherPlanetCanReceiveLandUnitAssistance",
            "boolean": true
          },
          {
            "test_type": "UnitCountOnPlanet",
            "unit_type_string0": "Structure & Teleporter",
            "compare0": ">",
            "value0": 0
          }
        ]
      ]
    },
    {
      "name": "Assault - Advanced Assault Bot",
      "to_build": "AdvancedAssaultBot",
      "instance_count": -1,
      "max_num_assisters": 15,
      "priority": 199,
      "builders": ["AdvancedBotFactory"],
      "build_conditions": [
        [
          {
            "test_type": "HasPersonalityTag",
            "string0": "Assault",
            "boolean": true
          },
          {
            "test_type": "AloneOnPlanet",
            "boolean": false
          },
          {
            "test_type": "CanAffordBuildDemand"
          }
        ],
        [
          {
            "test_type": "HasPersonalityTag",
            "string0": "Assault",
            "boolean": true
          },
          {
            "test_type": "AloneOnPlanet",
            "boolean": true
          },
          {
            "test_type": "CanAffordBuildDemand"
          },
          {
            "test_type": "OtherPlanetCanReceiveLandUnitAssistance",
            "boolean": true
          },
          {
            "test_type": "UnitCountOnPlanet",
            "unit_type_string0": "Structure & Teleporter",
            "compare0": ">",
            "value0": 0
          }
        ]
      ]
    },
    {
      "name": "Assault - Advanced Laser Tank",
      "to_build": "AdvancedLaserTank",
      "instance_count": -1,
      "max_num_assisters": 15,
      "priority": 199,
      "builders": ["AdvancedVehicleFactory"],
      "build_conditions": [
        [
          {
            "test_type": "HasPersonalityTag",
            "string0": "Assault",
            "boolean": true
          },
          {
            "test_type": "AloneOnPlanet",
            "boolean": false
          },
          {
            "test_type": "CanDeployLandFromBase",
            "boolean": true
          },
          {
            "test_type": "CanAffordBuildDemand"
          }
        ],
        [
          {
            "test_type": "HasPersonalityTag",
            "string0": "Assault",
            "boolean": true
          },
          {
            "test_type": "AloneOnPlanet",
            "boolean": true
          },
          {
            "test_type": "CanAffordBuildDemand"
          },
          {
            "test_type": "OtherPlanetCanReceiveLandUnitAssistance",
            "boolean": true
          },
          {
            "test_type": "UnitCountOnPlanet",
            "unit_type_string0": "Structure & Teleporter",
            "compare0": ">",
            "value0": 0
          }
        ]
      ]
    },
    {
      "name": "Assault - Destroyer",
      "to_build": "Destroyer",
      "instance_count": -1,
      "max_num_assisters": 10,
      "priority": 97,
      "builders": ["BasicNavalFactory"],
      "build_conditions": [
        [
          {
            "test_type": "HasPersonalityTag",
            "string0": "Assault",
            "boolean": true
          },
          {
            "test_type": "AloneOnPlanet",
            "boolean": false
          },
          {
            "test_type": "CanDeployNavalFromBase",
            "boolean": true
          },
          {
            "test_type": "CanAffordBuildDemand"
          }
        ]
      ]
    },
    {
      "name": "Assault - Attack Sub",
      "to_build": "Sub",
      "instance_count": -1,
      "max_num_assisters": 10,
      "priority": 97,
      "builders": ["BasicNavalFactory"],
      "build_conditions": [
        [
          {
            "test_type": "HasPersonalityTag",
            "string0": "Assault",
            "boolean": true
          },
          {
            "test_type": "AloneOnPlanet",
            "boolean": false
          },
          {
            "test_type": "CanDeployNavalFromBase",
            "boolean": true
          },
          {
            "test_type": "PlanetThreat",
            "string0": "Naval",
            "compare0": ">",
            "value0": 0
          },
          {
            "test_type": "UnitRatioOnPlanet",
            "unit_type_string0": "Mobile & Naval & Sub",
            "unit_type_string1": "Mobile & Naval - Fabber",
            "compare0": "<",
            "value0": 0.25
          },
          {
            "test_type": "CanAffordBuildDemand"
          }
        ]
      ]
    },
    {
      "name": "Assault - Battleship",
      "to_build": "Battleship",
      "instance_count": -1,
      "max_num_assisters": 15,
      "priority": 199,
      "builders": ["AdvancedNavalFactory"],
      "build_conditions": [
        [
          {
            "test_type": "HasPersonalityTag",
            "string0": "Assault",
            "boolean": true
          },
          {
            "test_type": "AloneOnPlanet",
            "boolean": false
          },
          {
            "test_type": "CanDeployNavalFromBase",
            "boolean": true
          },
          {
            "test_type": "CanAffordBuildDemand"
          }
        ]
      ]
    },
    {
      "name": "Assault - Missile Sub",
      "to_build": "MissileSub",
      "instance_count": -1,
      "max_num_assisters": 15,
      "priority": 199,
      "builders": ["AdvancedNavalFactory"],
      "build_conditions": [
        [
          {
            "test_type": "HasPersonalityTag",
            "string0": "Assault",
            "boolean": true
          },
          {
            "test_type": "AloneOnPlanet",
            "boolean": false
          },
          {
            "test_type": "CanDeployNavalFromBase",
            "boolean": true
          },
          {
            "test_type": "PlanetThreat",
            "string0": "Naval",
            "compare0": ">",
            "value0": 0
          },
          {
            "test_type": "UnitRatioOnPlanet",
            "unit_type_string0": "Mobile & Naval & Sub",
            "unit_type_string1": "Mobile & Naval - Fabber",
            "compare0": "<",
            "value0": 0.25
          },
          {
            "test_type": "CanAffordBuildDemand"
          }
        ]
      ]
    },
    {
      "name": "Assault - Basic Assault Bot - UC",
      "to_build": "BasicAssaultBot",
      "instance_count": -1,
      "max_num_assisters": 10,
      "priority": 100,
      "builders": ["UnitCannon"],
      "build_conditions": [
        [
          {
            "test_type": "HasPersonalityTag",
            "string0": "Assault",
            "boolean": true
          },
          {
            "test_type": "CanAffordBuildDemand"
          }
        ]
      ]
    },
    {
      "name": "Assault - Light Laser Tank - UC",
      "to_build": "LightLaserTank",
      "instance_count": -1,
      "max_num_assisters": 10,
      "priority": 100,
      "builders": ["UnitCannon"],
      "build_conditions": [
        [
          {
            "test_type": "HasPersonalityTag",
            "string0": "Assault",
            "boolean": true
          },
          {
            "test_type": "CanAffordBuildDemand"
          }
        ]
      ]
    }
  ]
}
