{
  "build_list": [
    {
      "name": "Sub Commander fallback - Basic Assault Bot",
      "to_build": "BasicAssaultBot",
      "instance_count": -1,
      "max_num_assisters": 10,
      "priority": 1,
      "builders": ["BasicBotFactory"],
      "build_conditions": [
        [
          {
            "test_type": "HasPersonalityTag",
            "string0": "GWAlly",
            "boolean": true
          },
          {
            "test_type": "HasPersonalityTag",
            "string0": "PenchantT1Bot",
            "boolean": true
          },
          {
            "test_type": "AloneOnPlanet",
            "boolean": false
          },
          {
            "test_type": "CanAffordBuildDemand"
          }
        ],
        [
          {
            "test_type": "HasPersonalityTag",
            "string0": "GWAlly",
            "boolean": true
          },
          {
            "test_type": "HasPersonalityTag",
            "string0": "PenchantT1Bot",
            "boolean": true
          },
          {
            "test_type": "AloneOnPlanet",
            "boolean": true
          },
          {
            "test_type": "CanAffordBuildDemand"
          },
          {
            "test_type": "OtherPlanetCanReceiveLandUnitAssistance",
            "boolean": true
          },
          {
            "test_type": "UnitCountOnPlanet",
            "unit_type_string0": "Structure & Teleporter",
            "compare0": ">",
            "value0": 0
          }
        ],
        [
          {
            "test_type": "HasPersonalityTag",
            "string0": "GWAlly",
            "boolean": true
          },
          {
            "test_type": "HasPersonalityTag",
            "string0": "PenchantT1Bot",
            "boolean": true
          },
          {
            "test_type": "BaseThreatened",
            "boolean": false
          },
          {
            "test_type": "UnitCountOnPlanet",
            "unit_type_string0": "(Tank | Air) & Factory",
            "compare0": "<",
            "value0": 1
          },
          {
            "test_type": "UnitCountPerPlanetRadius",
            "unit_type_string0": "((Bot | Vehicle) & Mobile) - Fabber - AirDefense - Construction - Artillery - Heavy - SelfDestruct",
            "compare0": "<",
            "value0": 200
          },
          {
            "test_type": "HaveFullPlanetIntel",
            "boolean": false
          }
        ],
        [
          {
            "test_type": "HasPersonalityTag",
            "string0": "GWAlly",
            "boolean": true
          },
          {
            "test_type": "HasPersonalityTag",
            "string0": "PenchantT1Bot",
            "boolean": true
          },
          {
            "test_type": "BaseThreatened",
            "boolean": false
          },
          {
            "test_type": "UnitCountOnPlanet",
            "unit_type_string0": "(Tank | Air) & Factory",
            "compare0": "<",
            "value0": 1
          },
          {
            "test_type": "UnitCountOnPlanet",
            "unit_type_string0": "((Bot | Vehicle) & Mobile) - Fabber - AirDefense - Construction - Artillery - Heavy - SelfDestruct",
            "compare0": "<",
            "value0": 1
          },
          {
            "test_type": "HaveFullPlanetIntel",
            "boolean": false
          }
        ]
      ]
    },
    {
      "name": "Sub Commander fallback - Light Laser Tank",
      "to_build": "LightLaserTank",
      "instance_count": -1,
      "max_num_assisters": 10,
      "priority": 1,
      "builders": ["BasicVehicleFactory"],
      "build_conditions": [
        [
          {
            "test_type": "HasPersonalityTag",
            "string0": "GWAlly",
            "boolean": true
          },
          {
            "test_type": "HasPersonalityTag",
            "string0": "PenchantT1Vehicle",
            "boolean": true
          },
          {
            "test_type": "AloneOnPlanet",
            "boolean": false
          },
          {
            "test_type": "CanDeployLandFromBase",
            "boolean": true
          },
          {
            "test_type": "CanAffordBuildDemand"
          }
        ],
        [
          {
            "test_type": "HasPersonalityTag",
            "string0": "GWAlly",
            "boolean": true
          },
          {
            "test_type": "HasPersonalityTag",
            "string0": "PenchantT1Vehicle",
            "boolean": true
          },
          {
            "test_type": "AloneOnPlanet",
            "boolean": true
          },
          {
            "test_type": "CanAffordBuildDemand"
          },
          {
            "test_type": "OtherPlanetCanReceiveLandUnitAssistance",
            "boolean": true
          },
          {
            "test_type": "UnitCountOnPlanet",
            "unit_type_string0": "Structure & Teleporter",
            "compare0": ">",
            "value0": 0
          }
        ]
      ]
    }
  ]
}
