{
  "build_list": [
    {
      "name": "gwaio_enable_planetaryradar - Planetary Radar",
      "to_build": "DeepSpaceRadar",
      "instance_count": 1,
      "shared_instance_count": "AdvancedRadar",
      "priority": 266,
      "builders": ["AnyAdvancedFabber", "SupportCommander"],
      "build_conditions": [
        [
          {
            "test_type": "CanAffordBuildDemand"
          },
          {
            "test_type": "CanAffordPotentialDrain",
            "string0": "DeepSpaceRadar"
          },
          {
            "test_type": "UnitCountOnPlanet",
            "unit_type_string0": "Structure & Recon & Important",
            "compare0": "<",
            "value0": 1
          },
          {
            "test_type": "AlliedUnitCountOnPlanet",
            "unit_type_string0": "Structure & Recon & Important",
            "compare0": "<",
            "boolean": true,
            "value0": 1
          },
          {
            "test_type": "CanFindPlaceToBuild",
            "string0": "DeepSpaceRadar"
          }
        ]
      ],
      "placement_rules": {
        "buffer": 2,
        "threat": {
          "influence_type": "AntiSurface",
          "compare_type": "<",
          "radius": 10,
          "value": 50
        }
      }
    }
  ]
}
