{
  "build_list": [
    {
      "name": "gwaio_start_rapid - Basic Air Factory",
      "to_build": "BasicAirFactory",
      "instance_count": 1,
      "shared_instance_count": "BasicFactory",
      "priority": 377,
      "min_num_assisters": 2,
      "max_num_assisters": 5,
      "builders": [
        "Commander",
        "AnyBasicFabber",
        "AnyAdvancedFabber",
        "SupportCommander"
      ],
      "build_conditions": [
        [
          {
            "test_type": "UnitCountOnPlanet",
            "unit_type_string0": "Factory & Construction & Air & Basic",
            "compare0": "<",
            "value0": 1
          },
          {
            "test_type": "CanAffordPotentialDrain",
            "string0": "BasicAirFactory"
          },
          {
            "test_type": "CanFindPlaceToBuild",
            "string0": "BasicAirFactory"
          }
        ]
      ],
      "placement_rules": {
        "buffer": 3,
        "threat": {
          "influence_type": "AntiSurface",
          "compare_type": "<",
          "radius": 10,
          "value": 50
        }
      }
    },
    {
      "name": "Basic Bot Factory",
      "to_build": "BasicBotFactory",
      "instance_count": 1,
      "shared_instance_count": "BasicFactory",
      "priority": 377,
      "min_num_assisters": 2,
      "max_num_assisters": 5,
      "builders": [
        "Commander",
        "AnyBasicFabber",
        "AnyAdvancedFabber",
        "SupportCommander"
      ],
      "build_conditions": [
        [
          {
            "test_type": "CanDeployLandFromBase",
            "boolean": true
          },
          {
            "test_type": "UnitCountOnPlanet",
            "unit_type_string0": "(Factory & Construction & Bot & Basic) - Orbital",
            "compare0": "<",
            "value0": 1
          },
          {
            "test_type": "CanAffordPotentialDrain",
            "string0": "BasicBotFactory"
          },
          {
            "test_type": "CanFindPlaceToBuild",
            "string0": "BasicBotFactory"
          }
        ]
      ],
      "placement_rules": {
        "buffer": 3,
        "threat": {
          "influence_type": "AntiSurface",
          "compare_type": "<",
          "radius": 10,
          "value": 50
        }
      }
    },
    {
      "name": "gwaio_start_rapid - Basic Vehicle Factory",
      "to_build": "BasicVehicleFactory",
      "instance_count": 1,
      "shared_instance_count": "BasicFactory",
      "priority": 377,
      "min_num_assisters": 2,
      "max_num_assisters": 5,
      "builders": [
        "Commander",
        "AnyBasicFabber",
        "AnyAdvancedFabber",
        "SupportCommander"
      ],
      "build_conditions": [
        [
          {
            "test_type": "CanDeployLandFromBase",
            "boolean": true
          },
          {
            "test_type": "UnitCountOnPlanet",
            "unit_type_string0": "(Factory & Construction & Tank & Basic) - Orbital",
            "compare0": "<",
            "value0": 1
          },
          {
            "test_type": "CanAffordPotentialDrain",
            "string0": "BasicVehicleFactory"
          },
          {
            "test_type": "CanFindPlaceToBuild",
            "string0": "BasicVehicleFactory"
          }
        ]
      ],
      "placement_rules": {
        "buffer": 3,
        "threat": {
          "influence_type": "AntiSurface",
          "compare_type": "<",
          "radius": 10,
          "value": 50
        }
      }
    },
    {
      "name": "gwaio_start_rapid - Basic Naval Factory",
      "to_build": "BasicNavalFactory",
      "instance_count": 1,
      "shared_instance_count": "BasicFactory",
      "priority": 377,
      "min_num_assisters": 2,
      "max_num_assisters": 5,
      "builders": [
        "Commander",
        "BasicAirFabber",
        "AdvancedAirFabber",
        "BasicNavalFabber",
        "AdvancedNavalFabber"
      ],
      "build_conditions": [
        [
          {
            "test_type": "CanDeployNavalFromBase",
            "boolean": true
          },
          {
            "test_type": "UnitCountOnPlanet",
            "unit_type_string0": "(Factory & Construction & Naval & Basic) - Orbital",
            "compare0": "<",
            "value0": 1
          },
          {
            "test_type": "CanAffordPotentialDrain",
            "string0": "BasicNavalFactory"
          },
          {
            "test_type": "CanFindPlaceToBuild",
            "string0": "BasicNavalFactory"
          }
        ]
      ],
      "placement_rules": {
        "buffer": 3,
        "threat": {
          "influence_type": "AntiSurface",
          "compare_type": "<",
          "radius": 10,
          "value": 50
        }
      }
    },
    {
      "name": "gwaio_start_rapid - Orbital Launcher",
      "to_build": "OrbitalLauncher",
      "instance_count": 1,
      "shared_instance_count": "OrbitalLauncher",
      "priority": 483,
      "max_num_assisters": 3,
      "builders": [
        "Commander",
        "AnyBasicFabber",
        "AnyAdvancedFabber",
        "SupportCommander"
      ],
      "build_conditions": [
        [
          {
            "test_type": "CanAffordBuildDemand"
          },
          {
            "test_type": "CanAffordPotentialDrain",
            "string0": "OrbitalLauncher"
          },
          {
            "test_type": "WantCommanderOffPlanet",
            "boolean": false
          },
          {
            "test_type": "UnitCountOnPlanet",
            "unit_type_string0": "(Factory & Advanced) - Orbital - Nuke - NukeDefense - SelfDestruct",
            "compare0": ">=",
            "value0": 1
          },
          {
            "test_type": "UnitCountOnPlanet",
            "unit_type_string0": "Orbital & Factory & Land",
            "compare0": "<",
            "value0": 1
          },
          {
            "test_type": "CanFindPlaceToBuild",
            "string0": "OrbitalLauncher"
          }
        ],
        [
          {
            "test_type": "CanAffordBuildDemand"
          },
          {
            "test_type": "CanAffordPotentialDrain",
            "string0": "OrbitalLauncher"
          },
          {
            "test_type": "PlanetWithoutPresence",
            "boolean": true
          },
          {
            "test_type": "UnitCountOnPlanet",
            "unit_type_string0": "Factory - Orbital - Nuke - NukeDefense",
            "compare0": ">=",
            "value0": 1
          },
          {
            "test_type": "UnitCountOnPlanet",
            "unit_type_string0": "Orbital & Factory & Land",
            "compare0": "<",
            "value0": 1
          },
          {
            "test_type": "CanFindPlaceToBuild",
            "string0": "OrbitalLauncher"
          }
        ]
      ],
      "placement_rules": {
        "buffer": 5
      }
    },
    {
      "name": "gwaio_start_rapid - Orbital Launcher - Rush",
      "to_build": "OrbitalLauncher",
      "instance_count": 1,
      "shared_instance_count": "OrbitalLauncher",
      "min_num_assisters": 3,
      "max_num_assisters": 5,
      "priority": 484,
      "builders": [
        "Commander",
        "AnyBasicFabber",
        "AnyAdvancedFabber",
        "SupportCommander"
      ],
      "build_conditions": [
        [
          {
            "test_type": "WantCommanderOffPlanet",
            "boolean": true
          },
          {
            "test_type": "UnitCountOnPlanet",
            "unit_type_string0": "Factory - Orbital - Nuke - NukeDefense",
            "compare0": ">=",
            "value0": 1
          },
          {
            "test_type": "UnitCountOnPlanet",
            "unit_type_string0": "Fabber - (Naval & Orbital)",
            "compare0": ">=",
            "value0": 3
          },
          {
            "test_type": "UnitCountOnPlanet",
            "unit_type_string0": "Orbital & Factory & Land",
            "compare0": "<",
            "value0": 1
          },
          {
            "test_type": "CanFindPlaceToBuild",
            "string0": "OrbitalLauncher"
          }
        ],
        [
          {
            "test_type": "UnableToExpand",
            "boolean": true
          },
          {
            "test_type": "PlanetWithoutPresence",
            "boolean": true
          },
          {
            "test_type": "UnitCountOnPlanet",
            "unit_type_string0": "Factory - Orbital - Nuke - NukeDefense",
            "compare0": ">=",
            "value0": 1
          },
          {
            "test_type": "UnitCountOnPlanet",
            "unit_type_string0": "Fabber",
            "compare0": ">=",
            "value0": 2
          },
          {
            "test_type": "UnitCountOnPlanet",
            "unit_type_string0": "Orbital & Factory & Land",
            "compare0": "<",
            "value0": 1
          },
          {
            "test_type": "CanFindPlaceToBuild",
            "string0": "OrbitalLauncher"
          }
        ],
        [
          {
            "test_type": "AloneOnPlanet",
            "boolean": true
          },
          {
            "test_type": "PlanetWithoutPresence",
            "boolean": true
          },
          {
            "test_type": "UnitCountOnPlanet",
            "unit_type_string0": "Factory - Orbital - Nuke - NukeDefense",
            "compare0": ">=",
            "value0": 1
          },
          {
            "test_type": "UnitCountOnPlanet",
            "unit_type_string0": "Fabber",
            "compare0": ">=",
            "value0": 2
          },
          {
            "test_type": "UnitCountOnPlanet",
            "unit_type_string0": "Orbital & Factory & Land",
            "compare0": "<",
            "value0": 1
          },
          {
            "test_type": "CanFindPlaceToBuild",
            "string0": "OrbitalLauncher"
          }
        ]
      ],
      "placement_rules": {
        "buffer": 5
      }
    },
    {
      "name": "gwaio_start_rapid - Advanced Air Factory",
      "to_build": "AdvancedAirFactory",
      "instance_count": 1,
      "shared_instance_count": "AdvancedFactory",
      "priority": 476,
      "min_num_assisters": 3,
      "max_num_assisters": 5,
      "builders": ["BasicAirFabber", "AdvancedAirFabber"],
      "build_conditions": [
        [
          {
            "test_type": "UnitCountOnPlanet",
            "unit_type_string0": "(Factory & Construction & Basic) - Orbital",
            "compare0": ">",
            "value0": 0
          },
          {
            "test_type": "UnitCountOnPlanet",
            "unit_type_string0": "Factory & Construction & Air & Advanced",
            "compare0": "<=",
            "value0": 0
          },
          {
            "test_type": "CanAffordPotentialDrain",
            "string0": "AdvancedAirFactory"
          },
          {
            "test_type": "CanFindPlaceToBuild",
            "string0": "AdvancedAirFactory"
          }
        ]
      ],
      "placement_rules": {
        "buffer": 3,
        "threat": {
          "influence_type": "AntiSurface",
          "compare_type": "<",
          "radius": 10,
          "value": 50
        }
      }
    },
    {
      "name": "gwaio_start_rapid - Advanced Bot Factory",
      "to_build": "AdvancedBotFactory",
      "instance_count": 1,
      "shared_instance_count": "AdvancedFactory",
      "priority": 476,
      "min_num_assisters": 3,
      "max_num_assisters": 5,
      "builders": ["BasicBotFabber", "AdvancedBotFabber", "SupportCommander"],
      "build_conditions": [
        [
          {
            "test_type": "CanDeployLandFromBase",
            "boolean": true
          },
          {
            "test_type": "UnitCountOnPlanet",
            "unit_type_string0": "(Factory & Construction & Basic) - Orbital",
            "compare0": ">",
            "value0": 0
          },
          {
            "test_type": "UnitCountOnPlanet",
            "unit_type_string0": "Factory & Construction & Bot & Advanced",
            "compare0": "<=",
            "value0": 0
          },
          {
            "test_type": "CanAffordPotentialDrain",
            "string0": "AdvancedBotFactory"
          },
          {
            "test_type": "CanFindPlaceToBuild",
            "string0": "AdvancedBotFactory"
          }
        ]
      ],
      "placement_rules": {
        "buffer": 3,
        "threat": {
          "influence_type": "AntiSurface",
          "compare_type": "<",
          "radius": 10,
          "value": 50
        }
      }
    },
    {
      "name": "gwaio_start_rapid - Advanced Vehicle Factory",
      "to_build": "AdvancedVehicleFactory",
      "instance_count": 1,
      "shared_instance_count": "AdvancedFactory",
      "priority": 476,
      "min_num_assisters": 3,
      "max_num_assisters": 5,
      "builders": ["BasicVehicleFabber", "AdvancedVehicleFabber"],
      "build_conditions": [
        [
          {
            "test_type": "CanDeployLandFromBase",
            "boolean": true
          },
          {
            "test_type": "UnitCountOnPlanet",
            "unit_type_string0": "(Factory & Construction & Basic) - Orbital",
            "compare0": ">",
            "value0": 0
          },
          {
            "test_type": "UnitCountOnPlanet",
            "unit_type_string0": "Factory & Construction & Tank & Advanced",
            "compare0": "<=",
            "value0": 0
          },
          {
            "test_type": "CanAffordPotentialDrain",
            "string0": "AdvancedVehicleFactory"
          },
          {
            "test_type": "CanFindPlaceToBuild",
            "string0": "AdvancedVehicleFactory"
          }
        ]
      ],
      "placement_rules": {
        "buffer": 3,
        "threat": {
          "influence_type": "AntiSurface",
          "compare_type": "<",
          "radius": 10,
          "value": 50
        }
      }
    },
    {
      "name": "Advanced Naval Factory",
      "to_build": "AdvancedNavalFactory",
      "instance_count": 1,
      "shared_instance_count": "AdvancedFactory",
      "priority": 476,
      "min_num_assisters": 3,
      "max_num_assisters": 5,
      "builders": ["BasicNavalFabber", "AdvancedNavalFabber"],
      "build_conditions": [
        [
          {
            "test_type": "CanDeployNavalFromBase",
            "boolean": true
          },
          {
            "test_type": "UnitCountOnPlanet",
            "unit_type_string0": "(Factory & Construction & Basic) - Orbital",
            "compare0": ">",
            "value0": 0
          },
          {
            "test_type": "UnitCountOnPlanet",
            "unit_type_string0": "Factory & Construction & Naval & Advanced",
            "compare0": "<=",
            "value0": 0
          },
          {
            "test_type": "CanAffordPotentialDrain",
            "string0": "AdvancedNavalFactory"
          },
          {
            "test_type": "CanFindPlaceToBuild",
            "string0": "AdvancedNavalFactory"
          }
        ]
      ],
      "placement_rules": {
        "buffer": 3,
        "threat": {
          "influence_type": "AntiSurface",
          "compare_type": "<",
          "radius": 10,
          "value": 50
        }
      }
    },
    {
      "name": "gwaio_start_rapid - Advanced Air Fighter",
      "to_build": "AdvancedFighter",
      "instance_count": -1,
      "max_num_assisters": 15,
      "priority": 199,
      "builders": ["AdvancedAirFabber"],
      "build_conditions": [
        [
          {
            "test_type": "AloneOnPlanet",
            "boolean": false
          },
          {
            "test_type": "CanAffordBuildDemand"
          },
          {
            "test_type": "UnitCountOnPlanet",
            "unit_type_string0": "Air & Fighter",
            "compare0": "<",
            "value0": 50
          }
        ],
        [
          {
            "test_type": "AloneOnPlanet",
            "boolean": true
          },
          {
            "test_type": "CanAffordBuildDemand"
          },
          {
            "test_type": "UnitCountPerPlanetRadius",
            "unit_type_string0": "Air & Fighter",
            "compare0": "<",
            "value0": 20
          }
        ],
        [
          {
            "test_type": "AloneOnPlanet",
            "boolean": false
          },
          {
            "test_type": "CanAffordBuildDemand"
          },
          {
            "test_type": "UnitRatioOnPlanet",
            "unit_type_string0": "Air & Fighter",
            "unit_type_string1": "Air & (Bomber | Gunship)",
            "compare0": "<",
            "value0": 0.15
          }
        ],
        [
          {
            "test_type": "BaseThreatRatio",
            "string0": "Air",
            "string1": "AntiAir",
            "compare0": ">",
            "value0": 1.0
          }
        ]
      ]
    },
    {
      "name": "gwaio_start_rapid - Advanced Strafer",
      "to_build": "Strafer",
      "instance_count": -1,
      "max_num_assisters": 15,
      "priority": 199,
      "builders": ["AdvancedAirFabber"],
      "build_conditions": [
        [
          {
            "test_type": "AloneOnPlanet",
            "boolean": false
          },
          {
            "test_type": "CanAffordBuildDemand"
          }
        ],
        [
          {
            "test_type": "AloneOnPlanet",
            "boolean": true
          },
          {
            "test_type": "CanAffordBuildDemand"
          },
          {
            "test_type": "UnitCountOnPlanet",
            "unit_type_string0": "Gunship",
            "compare0": "<",
            "value0": 20
          }
        ]
      ]
    },
    {
      "name": "gwaio_start_rapid - Advanced Air Bomber",
      "to_build": "HeavyBomber",
      "instance_count": -1,
      "max_num_assisters": 10,
      "priority": 199,
      "builders": ["AdvancedAirFabber"],
      "build_conditions": [
        [
          {
            "test_type": "AloneOnPlanet",
            "boolean": false
          },
          {
            "test_type": "CanAffordBuildDemand"
          }
        ],
        [
          {
            "test_type": "AloneOnPlanet",
            "boolean": true
          },
          {
            "test_type": "CanAffordBuildDemand"
          },
          {
            "test_type": "UnitCountPerPlanetRadius",
            "unit_type_string0": "Bomber",
            "compare0": "<",
            "value0": 20
          }
        ]
      ]
    },
    {
      "name": "gwaio_start_rapid - Support Platform",
      "to_build": "SupportPlatform",
      "instance_count": 1,
      "max_num_assisters": 10,
      "priority": 199,
      "builders": ["AdvancedAirFabber"],
      "build_conditions": [
        [
          {
            "test_type": "AloneOnPlanet",
            "boolean": false
          },
          {
            "test_type": "CanAffordBuildDemand"
          },
          {
            "test_type": "UnitRatioOnPlanet",
            "unit_type_string0": "Air & MissileDefense",
            "unit_type_string1": "Air & (Bomber | Gunship)",
            "compare0": "<",
            "value0": 0.15
          }
        ]
      ]
    },
    {
      "name": "gwaio_start_rapid - Basic Air Fabber",
      "to_build": "BasicAirFabber",
      "instance_count": 1,
      "max_num_assisters": 10,
      "priority": 100,
      "builders": ["BasicAirFabber"],
      "build_conditions": [
        [
          {
            "test_type": "BaseThreatened",
            "boolean": false
          },
          {
            "test_type": "CanAffordBuildDemand"
          },
          {
            "test_type": "CanAffordPotentialDrain",
            "string0": "BasicAirFabber"
          }
        ],
        [
          {
            "test_type": "BaseThreatened",
            "boolean": false
          },
          {
            "test_type": "MetMinBasicFabberCount",
            "boolean": false
          }
        ]
      ]
    },
    {
      "name": "gwaio_start_rapid - Air Scout",
      "to_build": "AirScout",
      "instance_count": 1,
      "priority": 98,
      "builders": ["BasicAirFabber"],
      "build_conditions": [
        [
          {
            "test_type": "BaseThreatened",
            "boolean": false
          },
          {
            "test_type": "UnitCountPerPlanetRadius",
            "unit_type_string0": "Air & Scout",
            "compare0": "<",
            "value0": 150
          },
          {
            "test_type": "HaveFullPlanetIntel",
            "boolean": false
          }
        ],
        [
          {
            "test_type": "BaseThreatened",
            "boolean": false
          },
          {
            "test_type": "UnitCountOnPlanet",
            "unit_type_string0": "Air & Scout",
            "compare0": "<",
            "value0": 1
          },
          {
            "test_type": "HaveFullPlanetIntel",
            "boolean": false
          }
        ],
        [
          {
            "test_type": "BaseThreatened",
            "boolean": false
          },
          {
            "test_type": "AloneOnPlanet",
            "boolean": false
          },
          {
            "test_type": "UnitCountOnPlanet",
            "unit_type_string0": "Air & Scout",
            "compare0": "<",
            "value0": 1
          },
          {
            "test_type": "HaveFullPlanetIntel",
            "boolean": true
          }
        ]
      ]
    },
    {
      "name": "gwaio_start_rapid - Basic Air Fighter",
      "to_build": "BasicFighter",
      "instance_count": -1,
      "max_num_assisters": 10,
      "priority": 97,
      "builders": ["BasicAirFabber"],
      "build_conditions": [
        [
          {
            "test_type": "AloneOnPlanet",
            "boolean": false
          },
          {
            "test_type": "CanAffordBuildDemand"
          },
          {
            "test_type": "UnitCountOnPlanet",
            "unit_type_string0": "Air & Fighter",
            "compare0": "<",
            "value0": 50
          }
        ],
        [
          {
            "test_type": "AloneOnPlanet",
            "boolean": true
          },
          {
            "test_type": "CanAffordBuildDemand"
          },
          {
            "test_type": "UnitCountPerPlanetRadius",
            "unit_type_string0": "Air & Fighter",
            "compare0": "<",
            "value0": 20
          }
        ],
        [
          {
            "test_type": "AloneOnPlanet",
            "boolean": false
          },
          {
            "test_type": "CanAffordBuildDemand"
          },
          {
            "test_type": "UnitRatioOnPlanet",
            "unit_type_string0": "Air & Fighter",
            "unit_type_string1": "Air & (Bomber | Gunship)",
            "compare0": "<",
            "value0": 0.15
          }
        ],
        [
          {
            "test_type": "BaseThreatRatio",
            "string0": "Air",
            "string1": "AntiAir",
            "compare0": ">",
            "value0": 1.0
          }
        ]
      ]
    },
    {
      "name": "gwaio_start_rapid - Basic Air Bomber",
      "to_build": "BasicBomber",
      "instance_count": -1,
      "max_num_assisters": 10,
      "priority": 97,
      "builders": ["BasicAirFabber"],
      "build_conditions": [
        [
          {
            "test_type": "AloneOnPlanet",
            "boolean": false
          },
          {
            "test_type": "CanAffordBuildDemand"
          }
        ],
        [
          {
            "test_type": "AloneOnPlanet",
            "boolean": true
          },
          {
            "test_type": "CanAffordBuildDemand"
          },
          {
            "test_type": "UnitCountPerPlanetRadius",
            "unit_type_string0": "Bomber",
            "compare0": "<",
            "value0": 20
          }
        ]
      ]
    },
    {
      "name": "gwaio_start_rapid - Advanced Air Fabber",
      "to_build": "AdvancedAirFabber",
      "instance_count": 1,
      "max_num_assisters": 15,
      "priority": 200,
      "builders": ["AdvancedAirFabber"],
      "build_conditions": [
        [
          {
            "test_type": "BaseThreatened",
            "boolean": false
          },
          {
            "test_type": "CanAffordBuildDemand"
          },
          {
            "test_type": "CanAffordPotentialDrain",
            "string0": "AdvancedAirFabber"
          }
        ],
        [
          {
            "test_type": "BaseThreatened",
            "boolean": false
          },
          {
            "test_type": "UnitCountOnPlanet",
            "unit_type_string0": "Fabber & Advanced - Orbital",
            "compare0": "<",
            "value0": 1
          }
        ]
      ]
    },
    {
      "name": "gwaio_start_rapid - Advanced Air Bomber",
      "to_build": "AdvancedBomber",
      "instance_count": -1,
      "max_num_assisters": 15,
      "priority": 199,
      "builders": ["AdvancedAirFabber"],
      "build_conditions": [
        [
          {
            "test_type": "AloneOnPlanet",
            "boolean": false
          },
          {
            "test_type": "CanAffordBuildDemand"
          }
        ],
        [
          {
            "test_type": "AloneOnPlanet",
            "boolean": true
          },
          {
            "test_type": "CanAffordBuildDemand"
          },
          {
            "test_type": "UnitCountOnPlanet",
            "unit_type_string0": "Bomber",
            "compare0": "<",
            "value0": 20
          }
        ]
      ]
    },
    {
      "name": "gwaio_start_rapid - Advanced Gunship",
      "to_build": "AdvancedGunship",
      "instance_count": -1,
      "max_num_assisters": 15,
      "priority": 199,
      "builders": ["AdvancedAirFabber"],
      "build_conditions": [
        [
          {
            "test_type": "AloneOnPlanet",
            "boolean": false
          },
          {
            "test_type": "CanAffordBuildDemand"
          }
        ],
        [
          {
            "test_type": "AloneOnPlanet",
            "boolean": true
          },
          {
            "test_type": "CanAffordBuildDemand"
          },
          {
            "test_type": "UnitCountOnPlanet",
            "unit_type_string0": "Gunship",
            "compare0": "<",
            "value0": 20
          }
        ]
      ]
    },
    {
      "name": "gwaio_start_rapid - Attack Vehicle",
      "to_build": "AttackVehicle",
      "instance_count": -1,
      "max_num_assisters": 10,
      "priority": 97,
      "builders": ["BasicVehicleFabber"],
      "build_conditions": [
        [
          {
            "test_type": "AloneOnPlanet",
            "boolean": false
          },
          {
            "test_type": "CanAffordBuildDemand"
          },
          {
            "test_type": "CanDeployLandFromBase",
            "boolean": true
          }
        ],
        [
          {
            "test_type": "AloneOnPlanet",
            "boolean": true
          },
          {
            "test_type": "CanAffordBuildDemand"
          },
          {
            "test_type": "OtherPlanetCanReceiveLandUnitAssistance",
            "boolean": true
          },
          {
            "test_type": "UnitCountOnPlanet",
            "unit_type_string0": "Structure & Teleporter",
            "compare0": ">",
            "value0": 0
          }
        ],
        [
          {
            "test_type": "BaseThreatened",
            "boolean": false
          },
          {
            "test_type": "UnitCountOnPlanet",
            "unit_type_string0": "(Tank | Air) & Factory",
            "compare0": "<",
            "value0": 1
          },
          {
            "test_type": "UnitCountPerPlanetRadius",
            "unit_type_string0": "((Bot | Vehicle) & Mobile) - Fabber - AirDefense - Construction - Artillery - Heavy - SelfDestruct",
            "compare0": "<",
            "value0": 200
          },
          {
            "test_type": "HaveFullPlanetIntel",
            "boolean": false
          }
        ],
        [
          {
            "test_type": "BaseThreatened",
            "boolean": false
          },
          {
            "test_type": "UnitCountOnPlanet",
            "unit_type_string0": "(Tank | Air) & Factory",
            "compare0": "<",
            "value0": 1
          },
          {
            "test_type": "UnitCountOnPlanet",
            "unit_type_string0": "((Bot | Vehicle) & Mobile) - Fabber - AirDefense - Construction - Artillery - Heavy - SelfDestruct",
            "compare0": "<",
            "value0": 1
          },
          {
            "test_type": "HaveFullPlanetIntel",
            "boolean": false
          }
        ]
      ]
    },
    {
      "name": "gwaio_start_rapid - Tesla Bot",
      "to_build": "TeslaBot",
      "instance_count": -1,
      "max_num_assisters": 10,
      "priority": 97,
      "builders": ["BasicBotFabber"],
      "build_conditions": [
        [
          {
            "test_type": "AloneOnPlanet",
            "boolean": false
          },
          {
            "test_type": "CanAffordBuildDemand"
          },
          {
            "test_type": "HasPersonalityTag",
            "string0": "Tutorial",
            "boolean": false
          },
          {
            "test_type": "CanDeployLandFromBase",
            "boolean": true
          },
          {
            "test_type": "UnitRatioOnPlanet",
            "unit_type_string0": "Bot & Heavy",
            "unit_type_string1": "((Tank | Bot) & Offense) - Fabber",
            "compare0": "<",
            "value0": 0.35
          }
        ],
        [
          {
            "test_type": "AloneOnPlanet",
            "boolean": true
          },
          {
            "test_type": "HasPersonalityTag",
            "string0": "Tutorial",
            "boolean": false
          },
          {
            "test_type": "CanAffordBuildDemand"
          },
          {
            "test_type": "OtherPlanetCanReceiveLandUnitAssistance",
            "boolean": true
          },
          {
            "test_type": "UnitRatioOnPlanet",
            "unit_type_string0": "Bot & Heavy",
            "unit_type_string1": "((Tank | Bot) & Offense) - Fabber",
            "compare0": "<",
            "value0": 0.35
          },
          {
            "test_type": "UnitCountOnPlanet",
            "unit_type_string0": "Structure & Teleporter",
            "compare0": ">",
            "value0": 0
          }
        ]
      ]
    },
    {
      "name": "gwaio_start_rapid - Hover Tank",
      "to_build": "HoverTank",
      "instance_count": -1,
      "max_num_assisters": 10,
      "priority": 97,
      "builders": ["BasicVehicleFabber"],
      "build_conditions": [
        [
          {
            "test_type": "AloneOnPlanet",
            "boolean": false
          },
          {
            "test_type": "HasPersonalityTag",
            "string0": "Tutorial",
            "boolean": false
          },
          {
            "test_type": "CanAffordBuildDemand"
          },
          {
            "test_type": "CanDeployLandFromBase",
            "boolean": true
          },
          {
            "test_type": "UnitRatioOnPlanet",
            "unit_type_string0": "Tank & Hover",
            "unit_type_string1": "((Tank | Bot) & Offense) - Fabber",
            "compare0": "<",
            "value0": 0.2
          }
        ],
        [
          {
            "test_type": "AloneOnPlanet",
            "boolean": false
          },
          {
            "test_type": "HasPersonalityTag",
            "string0": "Tutorial",
            "boolean": false
          },
          {
            "test_type": "CanAffordBuildDemand"
          },
          {
            "test_type": "CanDeployLandFromBase",
            "boolean": false
          }
        ],
        [
          {
            "test_type": "AloneOnPlanet",
            "boolean": true
          },
          {
            "test_type": "CanAffordBuildDemand"
          },
          {
            "test_type": "UnitRatioOnPlanet",
            "unit_type_string0": "Tank & Hover",
            "unit_type_string1": "((Tank | Bot) & Offense) - Fabber",
            "compare0": "<",
            "value0": 0.2
          },
          {
            "test_type": "OtherPlanetCanReceiveLandUnitAssistance",
            "boolean": true
          },
          {
            "test_type": "UnitCountOnPlanet",
            "unit_type_string0": "Structure & Teleporter",
            "compare0": ">",
            "value0": 0
          }
        ]
      ]
    },
    {
      "name": "gwaio_start_rapid - Support Commander",
      "to_build": "SupportCommander",
      "instance_count": 1,
      "max_num_assisters": 15,
      "priority": 199,
      "builders": ["AdvancedBotFabber", "SupportCommander"],
      "build_conditions": [
        [
          {
            "test_type": "BaseThreatened",
            "boolean": false
          },
          {
            "test_type": "CanAffordBuildDemand"
          },
          {
            "test_type": "CanAffordPotentialDrain",
            "string0": "SupportCommander"
          },
          {
            "test_type": "UnitCountOnPlanet",
            "unit_type_string0": "SupportCommander",
            "compare0": "<",
            "value0": 5
          }
        ]
      ]
    },
    {
      "name": "gwaio_start_rapid - Nano Swarm",
      "to_build": "NanoSwarm",
      "instance_count": -1,
      "max_num_assisters": 10,
      "priority": 199,
      "builders": ["AdvancedBotFabber", "SupportCommander"],
      "build_conditions": [
        [
          {
            "test_type": "HasPersonalityTag",
            "string0": "Tutorial",
            "boolean": false
          },
          {
            "test_type": "AloneOnPlanet",
            "boolean": false
          },
          {
            "test_type": "CanAffordBuildDemand"
          },
          {
            "test_type": "CanDeployLandFromBase",
            "boolean": true
          },
          {
            "test_type": "UnitRatioOnPlanet",
            "unit_type_string0": "(Tank | Bot) & Deconstruction",
            "unit_type_string1": "((Tank | Bot) & Offense) - Fabber",
            "compare0": "<",
            "value0": 0.1
          }
        ],
        [
          {
            "test_type": "HasPersonalityTag",
            "string0": "Tutorial",
            "boolean": false
          },
          {
            "test_type": "AloneOnPlanet",
            "boolean": true
          },
          {
            "test_type": "CanAffordBuildDemand"
          },
          {
            "test_type": "UnitRatioOnPlanet",
            "unit_type_string0": "(Tank | Bot) & Deconstruction",
            "unit_type_string1": "((Tank | Bot) & Offense) - Fabber",
            "compare0": "<",
            "value0": 0.1
          },
          {
            "test_type": "OtherPlanetCanReceiveLandUnitAssistance",
            "boolean": true
          },
          {
            "test_type": "UnitCountOnPlanet",
            "unit_type_string0": "Structure & Teleporter",
            "compare0": ">",
            "value0": 0
          }
        ]
      ]
    },
    {
      "name": "gwaio_start_rapid - Advanced AA Vehicle",
      "to_build": "FlakTank",
      "instance_count": -1,
      "max_num_assisters": 10,
      "priority": 199,
      "builders": ["AdvancedVehicleFabber"],
      "build_conditions": [
        [
          {
            "test_type": "AloneOnPlanet",
            "boolean": false
          },
          {
            "test_type": "CanAffordBuildDemand"
          },
          {
            "test_type": "PlanetThreat",
            "string0": "Air",
            "compare0": ">",
            "value0": 0
          },
          {
            "test_type": "CanDeployLandFromBase",
            "boolean": true
          },
          {
            "test_type": "UnitRatioOnPlanet",
            "unit_type_string0": "(Tank | Bot) & AirDefense",
            "unit_type_string1": "((Tank | Bot) & Offense) - Fabber",
            "compare0": "<",
            "value0": 0.1
          }
        ],
        [
          {
            "test_type": "AloneOnPlanet",
            "boolean": false
          },
          {
            "test_type": "CanAffordBuildDemand"
          },
          {
            "test_type": "PlanetHighestEnemyArmyThreatRatio",
            "string0": "Air",
            "string1": "AntiAir",
            "compare0": ">",
            "value0": 1.0
          },
          {
            "test_type": "CanDeployLandFromBase",
            "boolean": true
          },
          {
            "test_type": "UnitRatioOnPlanet",
            "unit_type_string0": "(Tank | Bot) & AirDefense",
            "unit_type_string1": "((Tank | Bot) & Offense) - Fabber",
            "compare0": "<",
            "value0": 0.25
          }
        ],
        [
          {
            "test_type": "BaseThreatRatio",
            "string0": "Air",
            "string1": "AntiAir",
            "compare0": ">",
            "value0": 1.0
          }
        ],
        [
          {
            "test_type": "AloneOnPlanet",
            "boolean": true
          },
          {
            "test_type": "CanAffordBuildDemand"
          },
          {
            "test_type": "UnitRatioOnPlanet",
            "unit_type_string0": "(Tank | Bot) & AirDefense",
            "unit_type_string1": "((Tank | Bot) & Offense) - Fabber",
            "compare0": "<",
            "value0": 0.1
          },
          {
            "test_type": "OtherPlanetCanReceiveLandUnitAssistance",
            "boolean": true
          },
          {
            "test_type": "UnitCountOnPlanet",
            "unit_type_string0": "Structure & Teleporter",
            "compare0": ">",
            "value0": 0
          }
        ]
      ]
    },
    {
      "name": "gwaio_start_rapid - Basic Bot Fabber",
      "to_build": "BasicBotFabber",
      "instance_count": 1,
      "max_num_assisters": 10,
      "priority": 100,
      "builders": ["BasicBotFabber"],
      "build_conditions": [
        [
          {
            "test_type": "BaseThreatened",
            "boolean": false
          },
          {
            "test_type": "CanAffordBuildDemand"
          },
          {
            "test_type": "CanAffordPotentialDrain",
            "string0": "BasicBotFabber"
          }
        ],
        [
          {
            "test_type": "BaseThreatened",
            "boolean": false
          },
          {
            "test_type": "MetMinBasicFabberCount",
            "boolean": false
          }
        ]
      ]
    },
    {
      "name": "gwaio_start_rapid - Basic Vehicle Fabber",
      "to_build": "BasicVehicleFabber",
      "instance_count": 1,
      "max_num_assisters": 10,
      "priority": 100,
      "builders": ["BasicVehicleFabber"],
      "build_conditions": [
        [
          {
            "test_type": "BaseThreatened",
            "boolean": false
          },
          {
            "test_type": "CanAffordBuildDemand"
          },
          {
            "test_type": "CanAffordPotentialDrain",
            "string0": "BasicVehicleFabber"
          }
        ],
        [
          {
            "test_type": "BaseThreatened",
            "boolean": false
          },
          {
            "test_type": "MetMinBasicFabberCount",
            "boolean": false
          }
        ]
      ]
    },
    {
      "name": "gwaio_start_rapid - Basic Assault Bot",
      "to_build": "BasicAssaultBot",
      "instance_count": -1,
      "max_num_assisters": 10,
      "priority": 97,
      "builders": ["BasicBotFabber"],
      "build_conditions": [
        [
          {
            "test_type": "AloneOnPlanet",
            "boolean": false
          },
          {
            "test_type": "CanAffordBuildDemand"
          }
        ],
        [
          {
            "test_type": "AloneOnPlanet",
            "boolean": true
          },
          {
            "test_type": "CanAffordBuildDemand"
          },
          {
            "test_type": "OtherPlanetCanReceiveLandUnitAssistance",
            "boolean": true
          },
          {
            "test_type": "UnitCountOnPlanet",
            "unit_type_string0": "Structure & Teleporter",
            "compare0": ">",
            "value0": 0
          }
        ],
        [
          {
            "test_type": "BaseThreatened",
            "boolean": false
          },
          {
            "test_type": "UnitCountOnPlanet",
            "unit_type_string0": "(Tank | Air) & Factory",
            "compare0": "<",
            "value0": 1
          },
          {
            "test_type": "UnitCountPerPlanetRadius",
            "unit_type_string0": "((Bot | Vehicle) & Mobile) - Fabber - AirDefense - Construction - Artillery - Heavy - SelfDestruct",
            "compare0": "<",
            "value0": 200
          },
          {
            "test_type": "HaveFullPlanetIntel",
            "boolean": false
          }
        ],
        [
          {
            "test_type": "BaseThreatened",
            "boolean": false
          },
          {
            "test_type": "UnitCountOnPlanet",
            "unit_type_string0": "(Tank | Air) & Factory",
            "compare0": "<",
            "value0": 1
          },
          {
            "test_type": "UnitCountOnPlanet",
            "unit_type_string0": "((Bot | Vehicle) & Mobile) - Fabber - AirDefense - Construction - Artillery - Heavy - SelfDestruct",
            "compare0": "<",
            "value0": 1
          },
          {
            "test_type": "HaveFullPlanetIntel",
            "boolean": false
          }
        ]
      ]
    },
    {
      "name": "gwaio_start_rapid - Basic Artillery Bot",
      "to_build": "BasicArtilleryBot",
      "instance_count": -1,
      "max_num_assisters": 10,
      "priority": 97,
      "builders": ["BasicBotFabber"],
      "build_conditions": [
        [
          {
            "test_type": "AloneOnPlanet",
            "boolean": false
          },
          {
            "test_type": "CanAffordBuildDemand"
          },
          {
            "test_type": "CanDeployLandFromBase",
            "boolean": true
          },
          {
            "test_type": "HasPersonalityTag",
            "string0": "Tutorial",
            "boolean": false
          },
          {
            "test_type": "UnitRatioOnPlanet",
            "unit_type_string0": "(Tank | Bot) & (Artillery | Tactical)",
            "unit_type_string1": "((Tank | Bot) & Offense) - Fabber",
            "compare0": "<",
            "value0": 0.35
          }
        ],
        [
          {
            "test_type": "AloneOnPlanet",
            "boolean": true
          },
          {
            "test_type": "CanAffordBuildDemand"
          },
          {
            "test_type": "HasPersonalityTag",
            "string0": "Tutorial",
            "boolean": false
          },
          {
            "test_type": "UnitRatioOnPlanet",
            "unit_type_string0": "(Tank | Bot) & (Artillery | Tactical)",
            "unit_type_string1": "((Tank | Bot) & Offense) - Fabber",
            "compare0": "<",
            "value0": 0.35
          },
          {
            "test_type": "OtherPlanetCanReceiveLandUnitAssistance",
            "boolean": true
          },
          {
            "test_type": "UnitCountOnPlanet",
            "unit_type_string0": "Structure & Teleporter",
            "compare0": ">",
            "value0": 0
          }
        ]
      ]
    },
    {
      "name": "gwaio_start_rapid - Boom Bot",
      "to_build": "BoomBot",
      "instance_count": -1,
      "max_num_assisters": 10,
      "priority": 97,
      "builders": ["BasicBotFabber"],
      "build_conditions": [
        [
          {
            "test_type": "AloneOnPlanet",
            "boolean": false
          },
          {
            "test_type": "CanAffordBuildDemand"
          },
          {
            "test_type": "CanDeployLandFromBase",
            "boolean": true
          },
          {
            "test_type": "UnitRatioOnPlanet",
            "unit_type_string0": "(Tank | Bot) & SelfDestruct",
            "unit_type_string1": "((Tank | Bot) & Offense) - Fabber",
            "compare0": "<",
            "value0": 0.1
          }
        ],
        [
          {
            "test_type": "AloneOnPlanet",
            "boolean": true
          },
          {
            "test_type": "CanAffordBuildDemand"
          },
          {
            "test_type": "UnitRatioOnPlanet",
            "unit_type_string0": "(Tank | Bot) & SelfDestruct",
            "unit_type_string1": "((Tank | Bot) & Offense) - Fabber",
            "compare0": "<",
            "value0": 0.1
          },
          {
            "test_type": "OtherPlanetCanReceiveLandUnitAssistance",
            "boolean": true
          },
          {
            "test_type": "UnitCountOnPlanet",
            "unit_type_string0": "Structure & Teleporter",
            "compare0": ">",
            "value0": 0
          }
        ]
      ]
    },
    {
      "name": "gwaio_start_rapid - Basic AA Bot",
      "to_build": "BasicAABot",
      "instance_count": 1,
      "priority": 97,
      "builders": ["BasicBotFabber"],
      "build_conditions": [
        [
          {
            "test_type": "AloneOnPlanet",
            "boolean": false
          },
          {
            "test_type": "CanAffordBuildDemand"
          },
          {
            "test_type": "PlanetThreat",
            "string0": "Air",
            "compare0": ">",
            "value0": 0
          },
          {
            "test_type": "CanDeployLandFromBase",
            "boolean": true
          },
          {
            "test_type": "UnitRatioOnPlanet",
            "unit_type_string0": "(Tank | Bot) & AirDefense",
            "unit_type_string1": "((Tank | Bot) & Offense) - Fabber",
            "compare0": "<",
            "value0": 0.1
          }
        ],
        [
          {
            "test_type": "AloneOnPlanet",
            "boolean": false
          },
          {
            "test_type": "CanAffordBuildDemand"
          },
          {
            "test_type": "PlanetHighestEnemyArmyThreatRatio",
            "string0": "Air",
            "string1": "AntiAir",
            "compare0": ">",
            "value0": 1.0
          },
          {
            "test_type": "CanDeployLandFromBase",
            "boolean": true
          },
          {
            "test_type": "UnitRatioOnPlanet",
            "unit_type_string0": "(Tank | Bot) & AirDefense",
            "unit_type_string1": "((Tank | Bot) & Offense) - Fabber",
            "compare0": "<",
            "value0": 0.25
          }
        ],
        [
          {
            "test_type": "BaseThreatRatio",
            "string0": "Air",
            "string1": "AntiAir",
            "compare0": ">",
            "value0": 1.0
          }
        ],
        [
          {
            "test_type": "AloneOnPlanet",
            "boolean": true
          },
          {
            "test_type": "CanAffordBuildDemand"
          },
          {
            "test_type": "UnitRatioOnPlanet",
            "unit_type_string0": "(Tank | Bot) & AirDefense",
            "unit_type_string1": "((Tank | Bot) & Offense) - Fabber",
            "compare0": "<",
            "value0": 0.1
          },
          {
            "test_type": "OtherPlanetCanReceiveLandUnitAssistance",
            "boolean": true
          },
          {
            "test_type": "UnitCountOnPlanet",
            "unit_type_string0": "Structure & Teleporter",
            "compare0": ">",
            "value0": 0
          }
        ]
      ]
    },
    {
      "name": "gwaio_start_rapid - Land Scout - Intel",
      "to_build": "LandScout",
      "instance_count": 1,
      "shared_instance_count": "LandScout",
      "priority": 98,
      "builders": ["BasicVehicleFabber"],
      "build_conditions": [
        [
          {
            "test_type": "BaseThreatened",
            "boolean": false
          },
          {
            "test_type": "UnitCountOnPlanet",
            "unit_type_string0": "Air & Factory",
            "compare0": "<",
            "value0": 1
          },
          {
            "test_type": "UnitCountPerPlanetRadius",
            "unit_type_string0": "Land & Scout",
            "compare0": "<",
            "value0": 150
          },
          {
            "test_type": "CanDeployLandFromBase",
            "boolean": true
          },
          {
            "test_type": "HaveFullPlanetIntel",
            "boolean": false
          }
        ],
        [
          {
            "test_type": "BaseThreatened",
            "boolean": false
          },
          {
            "test_type": "UnitCountOnPlanet",
            "unit_type_string0": "Air & Factory",
            "compare0": "<",
            "value0": 1
          },
          {
            "test_type": "UnitCountOnPlanet",
            "unit_type_string0": "Land & Scout",
            "compare0": "<",
            "value0": 1
          },
          {
            "test_type": "CanDeployLandFromBase",
            "boolean": true
          },
          {
            "test_type": "HaveFullPlanetIntel",
            "boolean": false
          }
        ]
      ]
    },
    {
      "name": "gwaio_start_rapid - Land Scout",
      "to_build": "LandScout",
      "instance_count": 1,
      "shared_instance_count": "LandScout",
      "priority": 97,
      "builders": ["BasicVehicleFabber"],
      "build_conditions": [
        [
          {
            "test_type": "AloneOnPlanet",
            "boolean": false
          },
          {
            "test_type": "CanAffordBuildDemand"
          },
          {
            "test_type": "CanDeployLandFromBase",
            "boolean": true
          },
          {
            "test_type": "UnitRatioOnPlanet",
            "unit_type_string0": "Land & Scout",
            "unit_type_string1": "((Tank | Bot) & Offense) - Fabber",
            "compare0": "<",
            "value0": 0.05
          }
        ],
        [
          {
            "test_type": "AloneOnPlanet",
            "boolean": true
          },
          {
            "test_type": "CanAffordBuildDemand"
          },
          {
            "test_type": "UnitRatioOnPlanet",
            "unit_type_string0": "Land & Scout",
            "unit_type_string1": "((Tank | Bot) & Offense) - Fabber",
            "compare0": "<",
            "value0": 0.05
          },
          {
            "test_type": "OtherPlanetCanReceiveLandUnitAssistance",
            "boolean": true
          },
          {
            "test_type": "UnitCountOnPlanet",
            "unit_type_string0": "Structure & Teleporter",
            "compare0": ">",
            "value0": 0
          }
        ]
      ]
    },
    {
      "name": "gwaio_start_rapid - Light Laser Tank",
      "to_build": "LightLaserTank",
      "instance_count": -1,
      "max_num_assisters": 10,
      "priority": 97,
      "builders": ["BasicVehicleFabber"],
      "build_conditions": [
        [
          {
            "test_type": "AloneOnPlanet",
            "boolean": false
          },
          {
            "test_type": "CanDeployLandFromBase",
            "boolean": true
          },
          {
            "test_type": "CanAffordBuildDemand"
          }
        ],
        [
          {
            "test_type": "AloneOnPlanet",
            "boolean": true
          },
          {
            "test_type": "CanAffordBuildDemand"
          },
          {
            "test_type": "OtherPlanetCanReceiveLandUnitAssistance",
            "boolean": true
          },
          {
            "test_type": "UnitCountOnPlanet",
            "unit_type_string0": "Structure & Teleporter",
            "compare0": ">",
            "value0": 0
          }
        ]
      ]
    },
    {
      "name": "gwaio_start_rapid - Basic Armor Tank",
      "to_build": "BasicArmorTank",
      "instance_count": -1,
      "max_num_assisters": 10,
      "priority": 97,
      "builders": ["BasicVehicleFabber"],
      "build_conditions": [
        [
          {
            "test_type": "AloneOnPlanet",
            "boolean": false
          },
          {
            "test_type": "CanAffordBuildDemand"
          },
          {
            "test_type": "CanDeployLandFromBase",
            "boolean": true
          },
          {
            "test_type": "HasPersonalityTag",
            "string0": "Tutorial",
            "boolean": false
          },
          {
            "test_type": "UnitRatioOnPlanet",
            "unit_type_string0": "Tank & Heavy",
            "unit_type_string1": "((Tank | Bot) & Offense) - Fabber",
            "compare0": "<",
            "value0": 0.5
          }
        ],
        [
          {
            "test_type": "AloneOnPlanet",
            "boolean": true
          },
          {
            "test_type": "CanAffordBuildDemand"
          },
          {
            "test_type": "UnitRatioOnPlanet",
            "unit_type_string0": "Tank & Heavy",
            "unit_type_string1": "((Tank | Bot) & Offense) - Fabber",
            "compare0": "<",
            "value0": 0.5
          },
          {
            "test_type": "OtherPlanetCanReceiveLandUnitAssistance",
            "boolean": true
          },
          {
            "test_type": "UnitCountOnPlanet",
            "unit_type_string0": "Structure & Teleporter",
            "compare0": ">",
            "value0": 0
          }
        ]
      ]
    },
    {
      "name": "gwaio_start_rapid - Basic AA Vehicle",
      "to_build": "BasicAAVehicle",
      "instance_count": 1,
      "priority": 97,
      "builders": ["BasicVehicleFabber"],
      "build_conditions": [
        [
          {
            "test_type": "AloneOnPlanet",
            "boolean": false
          },
          {
            "test_type": "CanAffordBuildDemand"
          },
          {
            "test_type": "PlanetThreat",
            "string0": "Air",
            "compare0": ">",
            "value0": 0
          },
          {
            "test_type": "CanDeployLandFromBase",
            "boolean": true
          },
          {
            "test_type": "UnitRatioOnPlanet",
            "unit_type_string0": "(Tank | Bot) & AirDefense",
            "unit_type_string1": "((Tank | Bot) & Offense) - Fabber",
            "compare0": "<",
            "value0": 0.1
          }
        ],
        [
          {
            "test_type": "AloneOnPlanet",
            "boolean": false
          },
          {
            "test_type": "CanAffordBuildDemand"
          },
          {
            "test_type": "PlanetHighestEnemyArmyThreatRatio",
            "string0": "Air",
            "string1": "AntiAir",
            "compare0": ">",
            "value0": 1.0
          },
          {
            "test_type": "CanDeployLandFromBase",
            "boolean": true
          },
          {
            "test_type": "UnitRatioOnPlanet",
            "unit_type_string0": "(Tank | Bot) & AirDefense",
            "unit_type_string1": "((Tank | Bot) & Offense) - Fabber",
            "compare0": "<",
            "value0": 0.25
          }
        ],
        [
          {
            "test_type": "BaseThreatRatio",
            "string0": "Air",
            "string1": "AntiAir",
            "compare0": ">",
            "value0": 1.0
          }
        ],
        [
          {
            "test_type": "AloneOnPlanet",
            "boolean": true
          },
          {
            "test_type": "CanAffordBuildDemand"
          },
          {
            "test_type": "UnitRatioOnPlanet",
            "unit_type_string0": "(Tank | Bot) & AirDefense",
            "unit_type_string1": "((Tank | Bot) & Offense) - Fabber",
            "compare0": "<",
            "value0": 0.1
          },
          {
            "test_type": "OtherPlanetCanReceiveLandUnitAssistance",
            "boolean": true
          },
          {
            "test_type": "UnitCountOnPlanet",
            "unit_type_string0": "Structure & Teleporter",
            "compare0": ">",
            "value0": 0
          }
        ]
      ]
    },
    {
      "name": "gwaio_start_rapid - Advanced Bot Fabber",
      "to_build": "AdvancedBotFabber",
      "instance_count": 1,
      "max_num_assisters": 15,
      "priority": 200,
      "builders": ["AdvancedBotFabber", "SupportCommander"],
      "build_conditions": [
        [
          {
            "test_type": "BaseThreatened",
            "boolean": false
          },
          {
            "test_type": "CanAffordBuildDemand"
          },
          {
            "test_type": "CanAffordPotentialDrain",
            "string0": "AdvancedBotFabber"
          }
        ],
        [
          {
            "test_type": "BaseThreatened",
            "boolean": false
          },
          {
            "test_type": "UnitCountOnPlanet",
            "unit_type_string0": "Fabber & Advanced - Orbital",
            "compare0": "<",
            "value0": 1
          }
        ]
      ]
    },
    {
      "name": "gwaio_start_rapid - Advanced Vehicle Fabber",
      "to_build": "AdvancedVehicleFabber",
      "instance_count": 1,
      "max_num_assisters": 15,
      "priority": 200,
      "builders": ["AdvancedVehicleFabber"],
      "build_conditions": [
        [
          {
            "test_type": "BaseThreatened",
            "boolean": false
          },
          {
            "test_type": "CanAffordBuildDemand"
          },
          {
            "test_type": "CanAffordPotentialDrain",
            "string0": "AdvancedVehicleFabber"
          }
        ],
        [
          {
            "test_type": "BaseThreatened",
            "boolean": false
          },
          {
            "test_type": "UnitCountOnPlanet",
            "unit_type_string0": "Fabber & Advanced - Orbital",
            "compare0": "<",
            "value0": 1
          }
        ]
      ]
    },
    {
      "name": "gwaio_start_rapid - Advanced Assault Bot",
      "to_build": "AdvancedAssaultBot",
      "instance_count": -1,
      "max_num_assisters": 15,
      "priority": 199,
      "builders": ["AdvancedBotFabber", "SupportCommander"],
      "build_conditions": [
        [
          {
            "test_type": "AloneOnPlanet",
            "boolean": false
          },
          {
            "test_type": "CanAffordBuildDemand"
          }
        ],
        [
          {
            "test_type": "AloneOnPlanet",
            "boolean": true
          },
          {
            "test_type": "CanAffordBuildDemand"
          },
          {
            "test_type": "OtherPlanetCanReceiveLandUnitAssistance",
            "boolean": true
          },
          {
            "test_type": "UnitCountOnPlanet",
            "unit_type_string0": "Structure & Teleporter",
            "compare0": ">",
            "value0": 0
          }
        ]
      ]
    },
    {
      "name": "gwaio_start_rapid - Advanced Combat Fabber Bot",
      "to_build": "AdvancedBotCombatFabber",
      "instance_count": 1,
      "priority": 199,
      "builders": ["AdvancedBotFabber", "SupportCommander"],
      "build_conditions": [
        [
          {
            "test_type": "AloneOnPlanet",
            "boolean": false
          },
          {
            "test_type": "CanAffordBuildDemand"
          },
          {
            "test_type": "CanDeployLandFromBase",
            "boolean": true
          },
          {
            "test_type": "UnitRatioOnPlanet",
            "unit_type_string0": "((Tank | Bot) & Mobile & Construction) - Fabber",
            "unit_type_string1": "((Tank | Bot) & Offense) - Fabber",
            "compare0": "<",
            "value0": 0.1
          }
        ],
        [
          {
            "test_type": "AloneOnPlanet",
            "boolean": true
          },
          {
            "test_type": "CanAffordBuildDemand"
          },
          {
            "test_type": "UnitRatioOnPlanet",
            "unit_type_string0": "((Tank | Bot) & Mobile & Construction) - Fabber",
            "unit_type_string1": "((Tank | Bot) & Offense) - Fabber",
            "compare0": "<",
            "value0": 0.1
          },
          {
            "test_type": "OtherPlanetCanReceiveLandUnitAssistance",
            "boolean": true
          },
          {
            "test_type": "UnitCountOnPlanet",
            "unit_type_string0": "Structure & Teleporter",
            "compare0": ">",
            "value0": 0
          }
        ]
      ]
    },
    {
      "name": "gwaio_start_rapid - Advanced Artillery Bot",
      "to_build": "AdvancedArtilleryBot",
      "instance_count": -1,
      "max_num_assisters": 15,
      "priority": 199,
      "builders": ["AdvancedBotFabber", "SupportCommander"],
      "build_conditions": [
        [
          {
            "test_type": "AloneOnPlanet",
            "boolean": false
          },
          {
            "test_type": "CanAffordBuildDemand"
          },
          {
            "test_type": "CanDeployLandFromBase",
            "boolean": true
          },
          {
            "test_type": "UnitRatioOnPlanet",
            "unit_type_string0": "(Tank | Bot) & (Artillery | Tactical)",
            "unit_type_string1": "((Tank | Bot) & Offense) - Fabber",
            "compare0": "<",
            "value0": 0.35
          }
        ],
        [
          {
            "test_type": "AloneOnPlanet",
            "boolean": true
          },
          {
            "test_type": "CanAffordBuildDemand"
          },
          {
            "test_type": "UnitRatioOnPlanet",
            "unit_type_string0": "(Tank | Bot) & (Artillery | Tactical)",
            "unit_type_string1": "((Tank | Bot) & Offense) - Fabber",
            "compare0": "<",
            "value0": 0.35
          },
          {
            "test_type": "OtherPlanetCanReceiveLandUnitAssistance",
            "boolean": true
          },
          {
            "test_type": "UnitCountOnPlanet",
            "unit_type_string0": "Structure & Teleporter",
            "compare0": ">",
            "value0": 0
          }
        ]
      ]
    },
    {
      "name": "gwaio_start_rapid - Advanced Tactical Bot",
      "to_build": "TMLBot",
      "instance_count": -1,
      "max_num_assisters": 15,
      "priority": 199,
      "builders": ["AdvancedBotFabber", "SupportCommander"],
      "build_conditions": [
        [
          {
            "test_type": "AloneOnPlanet",
            "boolean": false
          },
          {
            "test_type": "CanAffordBuildDemand"
          },
          {
            "test_type": "CanDeployLandFromBase",
            "boolean": true
          },
          {
            "test_type": "UnitRatioOnPlanet",
            "unit_type_string0": "(Tank | Bot) & (Artillery | Tactical)",
            "unit_type_string1": "((Tank | Bot) & Offense) - Fabber",
            "compare0": "<",
            "value0": 0.35
          }
        ],
        [
          {
            "test_type": "AloneOnPlanet",
            "boolean": true
          },
          {
            "test_type": "CanAffordBuildDemand"
          },
          {
            "test_type": "UnitRatioOnPlanet",
            "unit_type_string0": "(Tank | Bot) & (Artillery | Tactical)",
            "unit_type_string1": "((Tank | Bot) & Offense) - Fabber",
            "compare0": "<",
            "value0": 0.35
          },
          {
            "test_type": "OtherPlanetCanReceiveLandUnitAssistance",
            "boolean": true
          },
          {
            "test_type": "UnitCountOnPlanet",
            "unit_type_string0": "Structure & Teleporter",
            "compare0": ">",
            "value0": 0
          }
        ]
      ]
    },
    {
      "name": "gwaio_start_rapid - Advanced Laser Tank",
      "to_build": "AdvancedLaserTank",
      "instance_count": -1,
      "max_num_assisters": 15,
      "priority": 199,
      "builders": ["AdvancedVehicleFabber"],
      "build_conditions": [
        [
          {
            "test_type": "AloneOnPlanet",
            "boolean": false
          },
          {
            "test_type": "CanDeployLandFromBase",
            "boolean": true
          },
          {
            "test_type": "CanAffordBuildDemand"
          }
        ],
        [
          {
            "test_type": "AloneOnPlanet",
            "boolean": true
          },
          {
            "test_type": "CanAffordBuildDemand"
          },
          {
            "test_type": "OtherPlanetCanReceiveLandUnitAssistance",
            "boolean": true
          },
          {
            "test_type": "UnitCountOnPlanet",
            "unit_type_string0": "Structure & Teleporter",
            "compare0": ">",
            "value0": 0
          }
        ]
      ]
    },
    {
      "name": "gwaio_start_rapid - Advanced Armor Tank",
      "to_build": "AdvancedArmorTank",
      "instance_count": -1,
      "max_num_assisters": 15,
      "priority": 199,
      "builders": ["AdvancedVehicleFabber"],
      "build_conditions": [
        [
          {
            "test_type": "AloneOnPlanet",
            "boolean": false
          },
          {
            "test_type": "CanAffordBuildDemand"
          },
          {
            "test_type": "CanDeployLandFromBase",
            "boolean": true
          },
          {
            "test_type": "UnitRatioOnPlanet",
            "unit_type_string0": "Tank & Heavy",
            "unit_type_string1": "((Tank | Bot) & Offense) - Fabber",
            "compare0": "<",
            "value0": 0.5
          }
        ],
        [
          {
            "test_type": "AloneOnPlanet",
            "boolean": true
          },
          {
            "test_type": "CanAffordBuildDemand"
          },
          {
            "test_type": "UnitRatioOnPlanet",
            "unit_type_string0": "Tank & Heavy",
            "unit_type_string1": "((Tank | Bot) & Offense) - Fabber",
            "compare0": "<",
            "value0": 0.5
          },
          {
            "test_type": "OtherPlanetCanReceiveLandUnitAssistance",
            "boolean": true
          },
          {
            "test_type": "UnitCountOnPlanet",
            "unit_type_string0": "Structure & Teleporter",
            "compare0": ">",
            "value0": 0
          }
        ]
      ]
    },
    {
      "name": "gwaio_start_rapid - Advanced Artillery Vehicle",
      "to_build": "AdvancedArtilleryVehicle",
      "instance_count": -1,
      "max_num_assisters": 15,
      "priority": 199,
      "builders": ["AdvancedVehicleFabber"],
      "build_conditions": [
        [
          {
            "test_type": "AloneOnPlanet",
            "boolean": false
          },
          {
            "test_type": "CanAffordBuildDemand"
          },
          {
            "test_type": "CanDeployLandFromBase",
            "boolean": true
          },
          {
            "test_type": "UnitRatioOnPlanet",
            "unit_type_string0": "(Tank | Bot) & (Artillery | Tactical)",
            "unit_type_string1": "((Tank | Bot) & Offense) - Fabber",
            "compare0": "<",
            "value0": 0.35
          }
        ],
        [
          {
            "test_type": "AloneOnPlanet",
            "boolean": true
          },
          {
            "test_type": "CanAffordBuildDemand"
          },
          {
            "test_type": "UnitRatioOnPlanet",
            "unit_type_string0": "(Tank | Bot) & (Artillery | Tactical)",
            "unit_type_string1": "((Tank | Bot) & Offense) - Fabber",
            "compare0": "<",
            "value0": 0.35
          },
          {
            "test_type": "OtherPlanetCanReceiveLandUnitAssistance",
            "boolean": true
          },
          {
            "test_type": "UnitCountOnPlanet",
            "unit_type_string0": "Structure & Teleporter",
            "compare0": ">",
            "value0": 0
          }
        ]
      ]
    },
    {
      "name": "gwaio_start_rapid - Gunboat - Intel",
      "to_build": "Gunboat",
      "instance_count": 1,
      "shared_instance_count": "NavalScout",
      "priority": 98,
      "builders": ["BasicNavalFabber"],
      "build_conditions": [
        [
          {
            "test_type": "BaseThreatened",
            "boolean": false
          },
          {
            "test_type": "UnitCountOnPlanet",
            "unit_type_string0": "Air & Factory",
            "compare0": "<",
            "value0": 1
          },
          {
            "test_type": "UnitCountPerPlanetRadius",
            "unit_type_string0": "(Naval & WaterHover & Offense & Mobile) - Fabber - Construction - Titan",
            "compare0": "<",
            "value0": 150
          },
          {
            "test_type": "CanDeployNavalFromBase",
            "boolean": true
          },
          {
            "test_type": "HaveFullPlanetIntel",
            "boolean": false
          }
        ],
        [
          {
            "test_type": "BaseThreatened",
            "boolean": false
          },
          {
            "test_type": "UnitCountOnPlanet",
            "unit_type_string0": "Air & Factory",
            "compare0": "<",
            "value0": 1
          },
          {
            "test_type": "UnitCountOnPlanet",
            "unit_type_string0": "(Naval & WaterHover & Offense & Mobile) - Fabber - Construction - Titan",
            "compare0": "<",
            "value0": 1
          },
          {
            "test_type": "CanDeployNavalFromBase",
            "boolean": true
          },
          {
            "test_type": "HaveFullPlanetIntel",
            "boolean": false
          }
        ]
      ]
    },
    {
      "name": "gwaio_start_rapid - Gunboat",
      "to_build": "Gunboat",
      "instance_count": -1,
      "shared_instance_count": "NavalScout",
      "max_num_assisters": 10,
      "priority": 97,
      "builders": ["BasicNavalFabber"],
      "build_conditions": [
        [
          {
            "test_type": "AloneOnPlanet",
            "boolean": false
          },
          {
            "test_type": "CanDeployNavalFromBase",
            "boolean": true
          },
          {
            "test_type": "CanAffordBuildDemand"
          }
        ]
      ]
    },
    {
      "name": "gwaio_start_rapid - Fabrication Barge",
      "to_build": "SupportBarge",
      "instance_count": 1,
      "priority": 97,
      "builders": ["BasicNavalFabber"],
      "build_conditions": [
        [
          {
            "test_type": "AloneOnPlanet",
            "boolean": false
          },
          {
            "test_type": "CanAffordBuildDemand"
          },
          {
            "test_type": "CanDeployNavalFromBase",
            "boolean": true
          },
          {
            "test_type": "UnitRatioOnPlanet",
            "unit_type_string0": "(Naval & Mobile & Construction) - Fabber",
            "unit_type_string1": "(Naval & Mobile) - Fabber",
            "compare0": "<",
            "value0": 0.1
          }
        ]
      ]
    },
    {
      "name": "gwaio_start_rapid - Hover Ship",
      "to_build": "HoverShip",
      "instance_count": -1,
      "max_num_assisters": 15,
      "priority": 199,
      "builders": ["AdvancedNavalFabber"],
      "build_conditions": [
        [
          {
            "test_type": "AloneOnPlanet",
            "boolean": false
          },
          {
            "test_type": "CanAffordBuildDemand"
          }
        ]
      ]
    },
    {
      "name": "gwaio_start_rapid - Drone Carrier",
      "to_build": "DroneCarrier",
      "instance_count": -1,
      "max_num_assisters": 15,
      "priority": 199,
      "builders": ["AdvancedNavalFabber"],
      "build_conditions": [
        [
          {
            "test_type": "AloneOnPlanet",
            "boolean": false
          },
          {
            "test_type": "CanDeployNavalFromBase",
            "boolean": true
          },
          {
            "test_type": "CanAffordBuildDemand"
          }
        ]
      ]
    },
    {
      "name": "gwaio_start_rapid - Basic Naval Fabber",
      "to_build": "BasicNavalFabber",
      "instance_count": 1,
      "max_num_assisters": 10,
      "priority": 100,
      "builders": ["BasicNavalFabber"],
      "build_conditions": [
        [
          {
            "test_type": "BaseThreatened",
            "boolean": false
          },
          {
            "test_type": "CanAffordBuildDemand"
          },
          {
            "test_type": "UnitCountOnPlanet",
            "unit_type_string0": "Naval & Fabber & Basic",
            "compare0": "<",
            "value0": 2
          },
          {
            "test_type": "CanAffordPotentialDrain",
            "string0": "BasicNavalFabber"
          }
        ]
      ]
    },
    {
      "name": "gwaio_start_rapid - Destroyer",
      "to_build": "Destroyer",
      "instance_count": -1,
      "max_num_assisters": 10,
      "priority": 97,
      "builders": ["BasicNavalFabber"],
      "build_conditions": [
        [
          {
            "test_type": "AloneOnPlanet",
            "boolean": false
          },
          {
            "test_type": "CanDeployNavalFromBase",
            "boolean": true
          },
          {
            "test_type": "CanAffordBuildDemand"
          }
        ]
      ]
    },
    {
      "name": "gwaio_start_rapid - Attack Sub",
      "to_build": "Sub",
      "instance_count": -1,
      "max_num_assisters": 10,
      "priority": 97,
      "builders": ["BasicNavalFabber"],
      "build_conditions": [
        [
          {
            "test_type": "AloneOnPlanet",
            "boolean": false
          },
          {
            "test_type": "CanDeployNavalFromBase",
            "boolean": true
          },
          {
            "test_type": "PlanetThreat",
            "string0": "Naval",
            "compare0": ">",
            "value0": 0
          },
          {
            "test_type": "UnitRatioOnPlanet",
            "unit_type_string0": "Mobile & Naval & Sub",
            "unit_type_string1": "Mobile & Naval - Fabber",
            "compare0": "<",
            "value0": 0.25
          },
          {
            "test_type": "CanAffordBuildDemand"
          }
        ]
      ]
    },
    {
      "name": "gwaio_start_rapid - Frigate",
      "to_build": "Frigate",
      "instance_count": -1,
      "max_num_assisters": 10,
      "priority": 97,
      "builders": ["BasicNavalFabber"],
      "build_conditions": [
        [
          {
            "test_type": "AloneOnPlanet",
            "boolean": false
          },
          {
            "test_type": "CanDeployNavalFromBase",
            "boolean": true
          },
          {
            "test_type": "CanAffordBuildDemand"
          }
        ]
      ]
    },
    {
      "name": "gwaio_start_rapid - Advanced Naval Fabber",
      "to_build": "AdvancedNavalFabber",
      "instance_count": 1,
      "max_num_assisters": 15,
      "priority": 200,
      "builders": ["AdvancedNavalFabber"],
      "build_conditions": [
        [
          {
            "test_type": "BaseThreatened",
            "boolean": false
          },
          {
            "test_type": "CanAffordBuildDemand"
          },
          {
            "test_type": "UnitCountOnPlanet",
            "unit_type_string0": "Naval & Fabber & Advanced",
            "compare0": "<",
            "value0": 2
          },
          {
            "test_type": "CanAffordPotentialDrain",
            "string0": "AdvancedNavalFabber"
          }
        ]
      ]
    },
    {
      "name": "gwaio_start_rapid - Battleship",
      "to_build": "Battleship",
      "instance_count": -1,
      "max_num_assisters": 15,
      "priority": 199,
      "builders": ["AdvancedNavalFabber"],
      "build_conditions": [
        [
          {
            "test_type": "AloneOnPlanet",
            "boolean": false
          },
          {
            "test_type": "CanDeployNavalFromBase",
            "boolean": true
          },
          {
            "test_type": "CanAffordBuildDemand"
          }
        ]
      ]
    },
    {
      "name": "gwaio_start_rapid - MissleShip",
      "to_build": "MissleShip",
      "instance_count": -1,
      "max_num_assisters": 15,
      "priority": 199,
      "builders": ["AdvancedNavalFabber"],
      "build_conditions": [
        [
          {
            "test_type": "AloneOnPlanet",
            "boolean": false
          },
          {
            "test_type": "CanDeployNavalFromBase",
            "boolean": true
          },
          {
            "test_type": "CanAffordBuildDemand"
          }
        ]
      ]
    },
    {
      "name": "gwaio_start_rapid - Missile Sub",
      "to_build": "MissileSub",
      "instance_count": -1,
      "max_num_assisters": 15,
      "priority": 199,
      "builders": ["AdvancedNavalFabber"],
      "build_conditions": [
        [
          {
            "test_type": "AloneOnPlanet",
            "boolean": false
          },
          {
            "test_type": "CanDeployNavalFromBase",
            "boolean": true
          },
          {
            "test_type": "PlanetThreat",
            "string0": "Naval",
            "compare0": ">",
            "value0": 0
          },
          {
            "test_type": "UnitRatioOnPlanet",
            "unit_type_string0": "Mobile & Naval & Sub",
            "unit_type_string1": "Mobile & Naval - Fabber",
            "compare0": "<",
            "value0": 0.25
          },
          {
            "test_type": "CanAffordBuildDemand"
          }
        ]
      ]
    },
    {
      "name": "gwaio_start_rapid - Probe",
      "to_build": "OrbitalProbe",
      "instance_count": 1,
      "priority": 100,
      "builders": ["OrbitalFabber"],
      "build_conditions": [
        [
          {
            "test_type": "PlanetIsGasGiant",
            "boolean": false
          },
          {
            "test_type": "CanAffordBuildDemand"
          },
          {
            "test_type": "CanAffordPotentialDrain",
            "string0": "OrbitalProbe"
          },
          {
            "test_type": "UnitCountPerPlanetRadius",
            "unit_type_string0": "Orbital & (Recon | Scout) - Structure",
            "compare0": "<",
            "value0": 150
          },
          {
            "test_type": "UnitCountOnPlanet",
            "unit_type_string0": "Orbital & (Recon | Scout) & Advanced - Structure",
            "compare0": "<",
            "value0": 1
          }
        ]
      ]
    },
    {
      "name": "gwaio_start_rapid - Probe - Pri",
      "to_build": "OrbitalProbe",
      "instance_count": 1,
      "priority": 102,
      "builders": ["OrbitalFabber"],
      "build_conditions": [
        [
          {
            "test_type": "PlanetIsGasGiant",
            "boolean": false
          },
          {
            "test_type": "CanAffordBuildDemand"
          },
          {
            "test_type": "CanAffordPotentialDrain",
            "string0": "OrbitalProbe"
          },
          {
            "test_type": "UnitCountOnPlanet",
            "unit_type_string0": "Orbital & (Recon | Scout) - Structure",
            "compare0": "<",
            "value0": 1
          }
        ]
      ]
    },
    {
      "name": "gwaio_start_rapid - Probe - Other planet",
      "to_build": "OrbitalProbe",
      "instance_count": 1,
      "shared_instance_count": "ReconAssistance",
      "cross_planet_shared_count": true,
      "priority": 200,
      "builders": ["OrbitalFabber"],
      "build_conditions": [
        [
          {
            "test_type": "CanAffordBuildDemand"
          },
          {
            "test_type": "CanAffordPotentialDrain",
            "string0": "OrbitalProbe"
          },
          {
            "test_type": "UnitCountOnPlanet",
            "unit_type_string0": "Orbital & Fighter",
            "compare0": ">",
            "value0": 2
          },
          {
            "test_type": "OtherPlanetNeedsReconAssistance",
            "boolean": true
          }
        ]
      ]
    },
    {
      "name": "gwaio_start_rapid - Orbital Railgun",
      "to_build": "OrbitalRailgun",
      "instance_count": 1,
      "max_num_assisters": 5,
      "priority": 195,
      "builders": ["OrbitalFabber"],
      "build_conditions": [
        [
          {
            "test_type": "CanAffordBuildDemand"
          },
          {
            "test_type": "SystemThreat",
            "string0": "Orbital",
            "compare0": ">",
            "value0": 0
          },
          {
            "test_type": "UnitCountPerPlanetRadius",
            "unit_type_string0": "Orbital & Fighter & Advanced",
            "compare0": "<",
            "value0": 15
          }
        ]
      ]
    },
    {
      "name": "gwaio_start_rapid - Orbital Railgun - Threat",
      "to_build": "OrbitalRailgun",
      "instance_count": 1,
      "min_num_assisters": 2,
      "max_num_assisters": 5,
      "priority": 205,
      "builders": ["OrbitalFabber"],
      "build_conditions": [
        [
          {
            "test_type": "CanAffordBuildDemand"
          },
          {
            "test_type": "SystemThreat",
            "string0": "Orbital",
            "compare0": ">",
            "value0": 0
          },
          {
            "test_type": "UnitCountOnPlanet",
            "unit_type_string0": "Orbital & Fighter & Advanced",
            "compare0": "<",
            "value0": 3
          }
        ],
        [
          {
            "test_type": "CanAffordBuildDemand"
          },
          {
            "test_type": "BaseThreat",
            "string0": "Orbital",
            "compare0": ">",
            "value0": 0
          },
          {
            "test_type": "UnitCountInBase",
            "unit_type_string0": "Orbital & Fighter & Advanced",
            "compare0": "<",
            "value0": 3
          }
        ],
        [
          {
            "test_type": "CanAffordBuildDemand"
          },
          {
            "test_type": "PlanetHighestEnemyArmyThreatRatio",
            "string0": "Orbital",
            "string1": "AntiOrbital",
            "compare0": ">",
            "value0": 1.0
          }
        ]
      ]
    },
    {
      "name": "gwaio_start_rapid - Orbital Battleship",
      "to_build": "OrbitalBattleShip",
      "instance_count": 1,
      "max_num_assisters": 5,
      "priority": 195,
      "builders": ["OrbitalFabber"],
      "build_conditions": [
        [
          {
            "test_type": "CanAffordBuildDemand"
          },
          {
            "test_type": "SystemThreat",
            "string0": "Orbital",
            "compare0": ">",
            "value0": 0
          },
          {
            "test_type": "UnitRatioOnPlanet",
            "unit_type_string0": "Orbital & Fighter & Heavy",
            "unit_type_string1": "Orbital & Fighter",
            "compare0": "<",
            "value0": 0.2
          }
        ]
      ]
    },
    {
      "name": "gwaio_start_rapid - Orbital Fabber",
      "to_build": "OrbitalFabber",
      "instance_count": 1,
      "max_num_assisters": 5,
      "priority": 199,
      "builders": ["OrbitalFabber"],
      "build_conditions": [
        [
          {
            "test_type": "BaseThreat",
            "string0": "Orbital",
            "compare0": "<=",
            "value0": 0
          },
          {
            "test_type": "UnitCountOnPlanet",
            "unit_type_string0": "Orbital & Fighter",
            "compare0": ">",
            "value0": 2
          },
          {
            "test_type": "CanAffordBuildDemand"
          },
          {
            "test_type": "UnitCountOnPlanet",
            "unit_type_string0": "Factory & Construction - Orbital - NukeDefense - Nuke - SelfDestruct",
            "compare0": ">",
            "value0": 2
          },
          {
            "test_type": "UnitCountOnPlanet",
            "unit_type_string0": "Fabber & Orbital",
            "compare0": "<",
            "value0": 5
          },
          {
            "test_type": "CanAffordPotentialDrain",
            "string0": "OrbitalFabber"
          }
        ],
        [
          {
            "test_type": "BaseThreat",
            "string0": "Orbital",
            "compare0": "<=",
            "value0": 0
          },
          {
            "test_type": "UnitCountOnPlanet",
            "unit_type_string0": "Orbital & Fighter",
            "compare0": ">",
            "value0": 2
          },
          {
            "test_type": "UnitCount",
            "unit_type_string0": "Factory & Construction & Advanced - NukeDefense - Nuke - SelfDestruct",
            "compare0": ">",
            "value0": 0
          },
          {
            "test_type": "UnitCountOnPlanet",
            "unit_type_string0": "Fabber & Orbital",
            "compare0": "<",
            "value0": 1
          }
        ],
        [
          {
            "test_type": "BaseThreat",
            "string0": "Orbital",
            "compare0": "<=",
            "value0": 0
          },
          {
            "test_type": "SafePlanetOrGasGiantWithoutPresence",
            "boolean": true
          },
          {
            "test_type": "UnitCountOnPlanet",
            "unit_type_string0": "Orbital & Fighter",
            "compare0": ">",
            "value0": 2
          },
          {
            "test_type": "UnitCountOnPlanet",
            "unit_type_string0": "Factory & Construction - Orbital - NukeDefense - Nuke - SelfDestruct",
            "compare0": ">",
            "value0": 2
          },
          {
            "test_type": "UnitCountOnPlanet",
            "unit_type_string0": "Fabber & Orbital",
            "compare0": "<",
            "value0": 1
          },
          {
            "test_type": "UnitCountInCelestialTransit",
            "unit_type_string0": "Fabber & Orbital",
            "compare0": "<",
            "value0": 1
          }
        ]
      ]
    },
    {
      "name": "gwaio_start_rapid - Basic Radar Sattelite",
      "to_build": "BasicRadarSattelite",
      "instance_count": 1,
      "priority": 100,
      "builders": ["OrbitalFabber"],
      "build_conditions": [
        [
          {
            "test_type": "PlanetIsGasGiant",
            "boolean": false
          },
          {
            "test_type": "CanAffordBuildDemand"
          },
          {
            "test_type": "CanAffordPotentialDrain",
            "string0": "BasicRadarSattelite"
          },
          {
            "test_type": "UnitCountPerPlanetRadius",
            "unit_type_string0": "Orbital & (Recon | Scout) - Structure",
            "compare0": "<",
            "value0": 150
          },
          {
            "test_type": "UnitCountOnPlanet",
            "unit_type_string0": "Orbital & (Recon | Scout) & Advanced - Structure",
            "compare0": "<",
            "value0": 1
          }
        ]
      ]
    },
    {
      "name": "gwaio_start_rapid - Basic Radar Sattelite - Pri",
      "to_build": "BasicRadarSattelite",
      "instance_count": 1,
      "priority": 102,
      "builders": ["OrbitalFabber"],
      "build_conditions": [
        [
          {
            "test_type": "PlanetIsGasGiant",
            "boolean": false
          },
          {
            "test_type": "CanAffordBuildDemand"
          },
          {
            "test_type": "CanAffordPotentialDrain",
            "string0": "BasicRadarSattelite"
          },
          {
            "test_type": "UnitCountOnPlanet",
            "unit_type_string0": "Orbital & (Recon | Scout) - Structure",
            "compare0": "<",
            "value0": 1
          }
        ]
      ]
    },
    {
      "name": "gwaio_start_rapid - Basic Radar Sattelite - Other planet",
      "to_build": "BasicRadarSattelite",
      "instance_count": 1,
      "shared_instance_count": "ReconAssistance",
      "cross_planet_shared_count": true,
      "priority": 199,
      "builders": ["OrbitalFabber"],
      "build_conditions": [
        [
          {
            "test_type": "CanAffordBuildDemand"
          },
          {
            "test_type": "CanAffordPotentialDrain",
            "string0": "BasicRadarSattelite"
          },
          {
            "test_type": "UnitCountOnPlanet",
            "unit_type_string0": "Orbital & Fighter",
            "compare0": ">",
            "value0": 2
          },
          {
            "test_type": "OtherPlanetNeedsReconAssistance",
            "boolean": true
          }
        ]
      ]
    },
    {
      "name": "gwaio_start_rapid - Orbital Fighter",
      "to_build": "OrbitalFighter",
      "instance_count": 1,
      "max_num_assisters": 5,
      "priority": 100,
      "builders": ["OrbitalFabber"],
      "build_conditions": [
        [
          {
            "test_type": "CanAffordBuildDemand"
          },
          {
            "test_type": "SystemThreat",
            "string0": "Orbital",
            "compare0": ">",
            "value0": 0
          },
          {
            "test_type": "UnitCountPerPlanetRadius",
            "unit_type_string0": "Orbital & Fighter",
            "compare0": "<",
            "value0": 15
          }
        ]
      ]
    },
    {
      "name": "gwaio_start_rapid - Orbital Fighter - Threat",
      "to_build": "OrbitalFighter",
      "instance_count": 1,
      "min_num_assisters": 2,
      "max_num_assisters": 5,
      "priority": 200,
      "builders": ["OrbitalFabber"],
      "build_conditions": [
        [
          {
            "test_type": "CanAffordBuildDemand"
          },
          {
            "test_type": "SystemThreat",
            "string0": "Orbital",
            "compare0": ">",
            "value0": 0
          },
          {
            "test_type": "UnitCountOnPlanet",
            "unit_type_string0": "Orbital & Fighter",
            "compare0": "<",
            "value0": 3
          }
        ],
        [
          {
            "test_type": "CanAffordBuildDemand"
          },
          {
            "test_type": "BaseThreat",
            "string0": "Orbital",
            "compare0": ">",
            "value0": 0
          },
          {
            "test_type": "UnitCountInBase",
            "unit_type_string0": "Orbital & Fighter",
            "compare0": "<",
            "value0": 3
          }
        ],
        [
          {
            "test_type": "CanAffordBuildDemand"
          },
          {
            "test_type": "PlanetHighestEnemyArmyThreatRatio",
            "string0": "Orbital",
            "string1": "AntiOrbital",
            "compare0": ">",
            "value0": 1.0
          }
        ]
      ]
    },
    {
      "name": "gwaio_start_rapid - Orbital Lander",
      "to_build": "OrbitalLander",
      "instance_count": 1,
      "max_num_assisters": 5,
      "priority": 111,
      "builders": ["OrbitalFabber"],
      "build_conditions": [
        [
          {
            "test_type": "PlanetIsGasGiant",
            "boolean": false
          },
          {
            "test_type": "CanAffordBuildDemand"
          },
          {
            "test_type": "PlanetWithoutPresence",
            "boolean": true
          },
          {
            "test_type": "UnitCountOnPlanet",
            "unit_type_string0": "Orbital & Transport",
            "compare0": "<",
            "value0": 1
          }
        ]
      ]
    },
    {
      "name": "gwaio_start_rapid - Solar Array",
      "to_build": "SolarArray",
      "instance_count": 1,
      "priority": 195,
      "builders": ["OrbitalFabber"],
      "build_conditions": [
        [
          {
            "test_type": "PotentialEnergyEfficiency",
            "compare0": "<",
            "value0": 1.0
          },
          {
            "test_type": "CanAffordBuildDemand"
          }
        ],
        [
          {
            "test_type": "DesireEnergy"
          },
          {
            "test_type": "CanAffordBuildDemand"
          }
        ]
      ]
    },
    {
      "name": "gwaio_start_rapid - Orbital Death Laser",
      "to_build": "OrbitalDeathLaser",
      "instance_count": 1,
      "priority": 195,
      "builders": ["OrbitalFabber"],
      "build_conditions": [
        [
          {
            "test_type": "PlanetIsGasGiant",
            "boolean": false
          },
          {
            "test_type": "AloneOnPlanet",
            "boolean": false
          },
          {
            "test_type": "CanAffordBuildDemand"
          },
          {
            "test_type": "UnitCountOnPlanet",
            "unit_type_string0": "Orbital & LaserPlatform",
            "compare0": "<",
            "value0": 4
          }
        ]
      ]
    },
    {
      "name": "gwaio_start_rapid - Advanced Radar Sattelite",
      "to_build": "AdvancedRadarSattelite",
      "instance_count": 1,
      "shared_instance_count": "ReconAssistance",
      "cross_planet_shared_count": true,
      "priority": 196,
      "builders": ["OrbitalFabber"],
      "build_conditions": [
        [
          {
            "test_type": "PlanetIsGasGiant",
            "boolean": false
          },
          {
            "test_type": "CanAffordBuildDemand"
          },
          {
            "test_type": "CanAffordPotentialDrain",
            "string0": "AdvancedRadarSattelite"
          },
          {
            "test_type": "UnitCountPerPlanetRadius",
            "unit_type_string0": "Orbital & (Recon | Scout) & Advanced - Structure",
            "compare0": "<",
            "value0": 250
          }
        ],
        [
          {
            "test_type": "PlanetIsGasGiant",
            "boolean": false
          },
          {
            "test_type": "CanAffordBuildDemand"
          },
          {
            "test_type": "CanAffordPotentialDrain",
            "string0": "AdvancedRadarSattelite"
          },
          {
            "test_type": "UnitCountOnPlanet",
            "unit_type_string0": "Orbital & Fighter",
            "compare0": ">",
            "value0": 2
          },
          {
            "test_type": "OtherPlanetNeedsReconAssistance",
            "boolean": true
          }
        ]
      ]
    }
  ]
}
