{
  "build_list": [
    {
      "name": "gwaio_start_paratrooper - Unit Cannon",
      "to_build": "UnitCannon",
      "instance_count": 1,
      "shared_instance_count": "AdvancedFactory",
      "min_num_assisters": 3,
      "max_num_assisters": 12,
      "priority": 478,
      "builders": ["Commander", "AnyAdvancedFabber"],
      "build_conditions": [
        [
          {
            "test_type": "HasPersonalityTag",
            "string0": "queller",
            "boolean": true
          },
          {
            "test_type": "PlanetIsRespawnable",
            "boolean": false
          },
          {
            "test_type": "HasEcoForAdvanced",
            "boolean": true
          },
          {
            "test_type": "CanAffordPotentialDrain",
            "string0": "UnitCannon"
          },
          {
            "test_type": "CanFindPlaceToBuild",
            "string0": "UnitCannon"
          }
        ]
      ],
      "placement_rules": {
        "buffer": 2
      }
    }
  ]
}
