{
  "author": "wondible",
  "build": "113953",
  "category": ["in-game", "ui"],
  "context": "client",
  "date": "2020/02/02",
  "dependencies": [],
  "description": "Provides limited assistance for managing nuke launchers.",
  "display_name": "Missile Command",
  "forum": "https://forums.uberent.com/threads/rel-missile-command-2-0-2.58542/",
  "identifier": "com.wondible.pa.missile_command",
  "icon": "http://wondible.com/pa/icons/missile_command_i2.png",
  "priority": 100,
  "scenes": {
    "live_game": [
      "coui://ui/mods/missile_command/live_game_bootstrap.js"
    ],
    "live_game_options_bar": [
      "coui://ui/mods/missile_command/live_game_options_bar.js"
    ]
  },
  "signature": "not yet implemented",
  "version": "3.0.5"
}
