{
  "base_spec": "/pa/units/commanders/l_base/l_base.json",
  "display_name": "L Raptor Class Commander",
  "description": "L Raptor Class Commander. - If you're seeing this, something is wrong in your commander.",
  "model": {
    "filename": "/pa/units/commanders/l_raptor/l_raptor.papa",
    "animations": {
      "walk": "/pa/units/commanders/raptor_base/raptor_base_anim_walk01.papa",
      "idle": "/pa/units/commanders/raptor_base/raptor_base_anim_idle01.papa",
      "walk_stop": "/pa/units/commanders/raptor_base/raptor_base_anim_walkStop.papa",
      "aim_up": "/pa/units/commanders/raptor_base/raptor_base_anim_aimUp.papa",
      "aim_down": "/pa/units/commanders/raptor_base/raptor_base_anim_aimDown.papa"
    },
    "animtree": "/pa/anim/anim_trees/commander_raptor_anim_tree.json",
    "walk_speed": 4.93
  },
  "audio": {
    "loops": {
      "build": {
        "cue": "/SE/Construction/Commander_contruction_beam_loop",
        "flag": "build_target_changed",
        "should_start_func": "has_build_target",
        "should_stop_func": "no_build_target"
      }
    }
  }
}