{
    "ammo_capacity": 36000,
    "ammo_demand": 1000,
    "ammo_per_shot": 1500,
    "ammo_source": "energy",
    "anti_entity_targets": [
      "/pa/units/air/bomber/bomber_ammo.json",
      "/pa/units/air/bomber_adv/bomber_adv_ammo.json",
      "/pa/units/air/bomber_heavy/bomber_heavy_ammo.json",
      "/pa/units/air/fighter/fighter_ammo.json",
      "/pa/units/air/fighter_adv/fighter_adv_ammo.json",
      "/pa/units/air/gunship/gunship_ammo.json",
      "/pa/units/air/strafer/strafer_ammo.json",
      "/pa/units/land/air_defense/air_defense_ammo.json",
      "/pa/units/land/artillery_long/artillery_long_ammo.json",
      "/pa/units/land/artillery_short/artillery_short_ammo.json",
      "/pa/units/land/assault_bot/assault_bot_ammo.json",
      "/pa/units/land/assault_bot_adv/assault_bot_adv_ammo.json",
      "/pa/units/land/attack_vehicle/attack_vehicle_ammo.json",
      "/pa/units/land/bot_grenadier/bot_grenadier_ammo.json",
      "/pa/units/land/bot_support_commander/bot_support_commander_ammo.json",
      "/pa/units/land/bot_tactical_missile/bot_tactical_missile_ammo.json",
      "/pa/units/land/bot_tesla/bot_tesla_ammo.json",
      "/pa/units/land/laser_defense/laser_defense_ammo.json",
      "/pa/units/land/laser_defense_adv/laser_defense_adv_ammo.json",
      "/pa/units/land/laser_defense_single/laser_defense_single_ammo.json",
      "/pa/units/land/tactical_missile_launcher/tactical_missile_launcher_ammo.json",
      "/pa/units/land/tank_heavy_armor/tank_heavy_armor_ammo.json",
      "/pa/units/land/tank_heavy_mortar/tank_heavy_mortar_ammo.json",
      "/pa/units/land/tank_hover/tank_hover_ammo.json",
      "/pa/units/land/tank_laser_adv/tank_laser_adv_ammo.json",
      "/pa/units/land/tank_light_laser/tank_light_laser_ammo.json",
      "/pa/units/sea/battleship/battleship_ammo.json",
      "/pa/units/sea/destroyer/destroyer_ammo.json",
      "/pa/units/sea/frigate/frigate_ammo_shell.json",
      "/pa/units/sea/hover_ship/hover_ship_ammo.json",
      "/pa/units/sea/hover_ship/hover_ship_ammo_side.json",
      "/pa/units/sea/missile_ship/missile_ship_ammo.json",
      "/pa/units/sea/nuclear_sub/nuclear_sub_ammo.json",
      "/pa/units/sea/nuclear_sub/nuclear_sub_ammo_missile.json",
      "/pa/units/sea/sea_scout/sea_scout_ammo.json",
      "/pa/units/air/l_air_scout_adv/l_air_scout_adv_ammo.json",
      "/pa/units/air/l_bomber/l_bomber_ammo.json",
      "/pa/units/air/l_air_carrier/l_drone/l_drone_ammo.json",
      "/pa/units/air/l_fighter_adv/l_fighter_adv_rocket_ammo.json",
      "/pa/units/air/l_flying_teleporter/l_tele_rocket_ammo.json",
      "/pa/units/air/l_gunship/l_gunship_main_ammo.json",
      "/pa/units/air/l_gunship/l_gunship_rocket_ammo.json",
      "/pa/units/land/l_air_defense_adv/l_air_defense_adv_ammo.json",
      "/pa/units/land/l_artillery_long/l_artillery_long_ammo.json",
      "/pa/units/land/l_artillery_short/l_artillery_short_ammo.json",
      "/pa/units/land/l_assault_bot/l_assault_bot_ammo.json",
      "/pa/units/land/l_bot_aa/l_bot_aa_ammo.json",
      "/pa/units/land/l_bot_artillery_adv/l_bot_artillery_adv_ammo.json",
      "/pa/units/land/l_bot_artillery_adv/l_bot_artillery_adv_light_ammo.json",
      "/pa/units/land/l_bot_support_commander/l_bot_support_commander_ammo.json",
      "/pa/units/land/l_hover_tank/l_hover_tank_ammo.json",
      "/pa/units/land/l_hover_tank_adv/l_hover_tank_adv_ammo.json",
      "/pa/units/land/l_land_mine/triggered/l_land_mine_main_ammo.json",
      "/pa/units/land/l_mortar_tank/l_mortar_tank_ammo.json",
      "/pa/units/land/l_riot_bot/l_riot_bot_ammo.json",
      "/pa/units/land/l_rocket_barrage/l_rocket_barrage_ammo.json",
      "/pa/units/land/l_shotgun_tank/l_shotgun_tank_ammo.json",
      "/pa/units/land/l_sniper_bot/l_sniper_bot_ammo.json",
      "/pa/units/land/l_t1_turret_adv/l_t1_turret_adv_ammo.json",
      "/pa/units/land/l_t1_turret_basic/l_t1_turret_basic_ammo.json",
      "/pa/units/land/l_tank_laser_adv/l_tank_laser_adv_ammo.json",
      "/pa/units/land/l_tank_shank/l_tank_shank_ammo.json",
      "/pa/units/land/l_tank_swarm/chain/chain2_ammo.json",
      "/pa/units/land/l_tank_swarm/chain/chain_ammo.json",
      "/pa/units/land/l_tank_swarm/l_tank_swarm_ammo.json",
      "/pa/units/orbital/l_orbital_laser/l_orbital_laser_ammo.json",
      "/pa/units/orbital/l_orbital_laser/l_orbital_laser_shield_killer_ammo.json",
      "/pa/units/sea/l_battleship/l_battleship_lower_ammo.json",
      "/pa/units/sea/l_battleship/l_battleship_upper_ammo.json",
      "/pa/units/sea/l_destroyer/l_destroyer_ammo.json",
      "/pa/units/sea/l_hover_ship/l_hover_ship_ammo.json",
      "/pa/units/sea/l_hover_ship/l_hover_ship_ammo_side.json",
      "/pa/units/sea/l_missile_ship/l_missile_ship_rocket_ammo.json",
      "/pa/units/sea/l_sea_tank/l_sea_tank_ammo.json",
      
      "/pa/units/land/bug_belcher/bug_belcher_ammo.json",
      "/pa/units/land/bug_bomber/bug_bomber_ammo.json",
      "/pa/units/land/bug_bomber_adv/bug_bomber_adv_ammo.json",
      "/pa/units/land/bug_gren/bug_gren_ammo.json",
      "/pa/units/land/bug_hydra/bug_hydra_ammo.json",
      "/pa/units/land/bug_manticore/bug_manticore_ammo.json",
      "/pa/units/land/bug_matriarch/bug_matriarch_projectile_ammo.json",
      "/pa/units/land/bug_needler/bug_needler_ammo.json",
      "/pa/units/land/bug_sniper/bug_sniper_ammo.json",
      "/pa/units/structure/bug_air_drone_launcher/bug_air_drone/bug_air_drone_ammo.json",
      "/pa/units/structure/bug_arty_large/bug_arty_large_ammo.json",
      "/pa/units/structure/bug_turret_acid/bug_turret_acid_ammo.json",
      "/pa/units/structure/bug_turret_needle/bug_turret_needle_ammo.json",
      "/pa/units/structure/bug_turret_small/bug_turret_small_ammo.json",

      "/pa/units/addon/basic_missile_defence/basic_missile_defence_ammo.json",
      "/pa/units/addon/adv_heavy_bot/adv_heavy_bot_ammo.json",
      "/pa/units/addon/adv_tank_hover/adv_tank_hover_ammo.json",
      "/pa/units/addon/naval_anti_orbital_ship/naval_anti_orbital_ammo.json",
      "/pa/units/addon/pounder/pounder_ammo.json",
      "/pa/units/addon/stalker/stalker_ammo.json",
      "/pa/units/l_addon/anti_ground_satellite/almaz_ammo.json",
      "/pa/units/l_addon/anti_orbital_ship/anti_orbital_ship_ammo.json",
      "/pa/units/l_addon/basic_missile_defence/basic_missile_defence_ammo.json"
    ],
    "anti_entity_targets_units": false,
    "auto_task_type": "anti_entity",
    "base_spec": "/pa/tools/base_shell_turret/base_shell_turret.json",
    "energy_efficiency_requirement": 1,
    "start_fully_charged": false,
    "target_layers": [
      "WL_Air"
    ]
  }