{
    "context": "client",
    "identifier": "com.pa.conundrum.cShareSystems",
    "display_name": "System Sharing for Titans & Classic",
    "description": "Adds support for map packs, detailed system / planet info and sharing of maps with other users.",
    "author": "Captain Conundrum, mikeyh",
    "authors": ["Captain Conundrum", "mikeyh"],
    "version": "2.0.9",
    "build": "112589",
    "date": "2019/01/01",
    "signature": "not yet implemented",
    "forum": "https://forums.uberent.com/threads/rel-client-system-sharing-v2.69117/",
    "category":
    [
        "ui",
        "maps",
        "system-editor",
        "titans",
        "classic"
    ],
    "load_planet":
    [
        "coui://ui/mods/system_sharing/system_sharing.js",
        "coui://ui/mods/system_sharing/load_planet.js",
        "coui://ui/mods/system_sharing/load_planet.css"
    ],
    "icon": "http://pamods.github.io/icons/cShareSystems.png",
    "priority": 99,
    "enabled": true
}