{
	"display_name": "Assimilation Commander",
	"description": "!LOC:Assimilation Commander Description - If you're seeing this, something is wrong in your commander.",
	"base_spec": "/pa/units/commanders/base_commander/base_commander.json",
	"buildable_types": "CmdBuild & Custom3",
	"custom": true,
	"si_name": "a_commander",
	"unit_types": [
		"UNITTYPE_Commander",
		"UNITTYPE_Construction",
		"UNITTYPE_Mobile",
		"UNITTYPE_Offense",
		"UNITTYPE_Land",
		"UNITTYPE_NoBuild",
		"UNITTYPE_Custom3"
	]
}