{
  "build_list": [
    {
      "name": "Platoon - Land Raid Platoon Small",
      "to_build": "Land_Raid_Small",
      "instance_count": 1,
      "priority": 109,
      "build_conditions": [
        [
          {
            "test_type": "HasPersonalityTag",
            "string0": "Platoon",
            "boolean": true
          },
          {
            "test_type": "EnemySurfacePresenceOnPlanet",
            "boolean": true
          },
          {
            "test_type": "PlanetHighestEnemyArmyThreat",
            "string0": "AntiSurface",
            "compare0": "<",
            "value0": 840
          },
          {
            "test_type": "UnitPoolCount",
            "unit_type_string0": "(Bot & Mobile) - Fabber - AirDefense - OrbitalDefense - Construction - Artillery - Tactical - Heavy - SelfDestruct - Deconstruction - Titan",
            "compare0": ">=",
            "value0": 1
          },
          {
            "test_type": "CanAttackWithPoolUnitsLand",
            "string0": "WL_AnySurface",
            "string1": "WL_AnySurface",
            "unit_type_string0": "Mobile | Structure"
          }
        ]
      ],
      "task_type": "LandAttack"
    },
    {
      "name": "Platoon - Land Raid Platoon Medium",
      "to_build": "Land_Raid_Medium",
      "instance_count": 1,
      "priority": 108,
      "build_conditions": [
        [
          {
            "test_type": "HasPersonalityTag",
            "string0": "Platoon",
            "boolean": true
          },
          {
            "test_type": "EnemySurfacePresenceOnPlanet",
            "boolean": true
          },
          {
            "test_type": "HasPersonalityTag",
            "string0": "Tutorial",
            "boolean": false
          },
          {
            "test_type": "PlanetHighestEnemyArmyThreat",
            "string0": "AntiSurface",
            "compare0": "<",
            "value0": 2800
          },
          {
            "test_type": "UnitPoolCount",
            "unit_type_string0": "(Bot & Mobile) - Fabber - AirDefense - OrbitalDefense - Construction - Artillery - Tactical - Heavy - SelfDestruct - Deconstruction - Titan",
            "compare0": ">=",
            "value0": 4
          },
          {
            "test_type": "CanAttackWithPoolUnitsLand",
            "string0": "WL_AnySurface",
            "string1": "WL_AnySurface",
            "unit_type_string0": "Mobile | Structure"
          }
        ]
      ],
      "task_type": "LandAttack"
    },
    {
      "name": "Platoon - Land Raid Platoon Large",
      "to_build": "Land_Raid_Large",
      "instance_count": 1,
      "priority": 107,
      "build_conditions": [
        [
          {
            "test_type": "HasPersonalityTag",
            "string0": "Platoon",
            "boolean": true
          },
          {
            "test_type": "EnemySurfacePresenceOnPlanet",
            "boolean": true
          },
          {
            "test_type": "HasPersonalityTag",
            "string0": "Tutorial",
            "boolean": false
          },
          {
            "test_type": "PlanetHighestEnemyArmyThreat",
            "string0": "AntiSurface",
            "compare0": "<",
            "value0": 5600
          },
          {
            "test_type": "UnitPoolCount",
            "unit_type_string0": "(Bot & Mobile) - Fabber - AirDefense - OrbitalDefense - Construction - Artillery - Tactical - Heavy - SelfDestruct - Deconstruction - Titan",
            "compare0": ">=",
            "value0": 10
          },
          {
            "test_type": "CanAttackWithPoolUnitsLand",
            "string0": "WL_AnySurface",
            "string1": "WL_AnySurface",
            "unit_type_string0": "Mobile | Structure"
          }
        ]
      ],
      "task_type": "LandAttack"
    },
    {
      "name": "Platoon - Land Raid Platoon XLarge",
      "to_build": "Land_Raid_XLarge",
      "instance_count": 1,
      "priority": 106,
      "build_conditions": [
        [
          {
            "test_type": "HasPersonalityTag",
            "string0": "Platoon",
            "boolean": true
          },
          {
            "test_type": "EnemySurfacePresenceOnPlanet",
            "boolean": true
          },
          {
            "test_type": "HasPersonalityTag",
            "string0": "Tutorial",
            "boolean": false
          },
          {
            "test_type": "PlanetHighestEnemyArmyThreat",
            "string0": "AntiSurface",
            "compare0": "<",
            "value0": 11200
          },
          {
            "test_type": "UnitPoolCount",
            "unit_type_string0": "(Bot & Mobile) - Fabber - AirDefense - OrbitalDefense - Construction - Artillery - Tactical - Heavy - SelfDestruct - Deconstruction - Titan",
            "compare0": ">=",
            "value0": 20
          },
          {
            "test_type": "CanAttackWithPoolUnitsLand",
            "string0": "WL_AnySurface",
            "string1": "WL_AnySurface",
            "unit_type_string0": "Mobile | Structure"
          }
        ]
      ],
      "task_type": "LandAttack"
    },
    {
      "name": "Platoon - Swarm Raid Platoon Small",
      "to_build": "Swarm_Raid_Small",
      "instance_count": 1,
      "priority": 109,
      "build_conditions": [
        [
          {
            "test_type": "HasPersonalityTag",
            "string0": "Platoon",
            "boolean": true
          },
          {
            "test_type": "EnemySurfacePresenceOnPlanet",
            "boolean": true
          },
          {
            "test_type": "HasPersonalityTag",
            "string0": "Tutorial",
            "boolean": false
          },
          {
            "test_type": "PlanetHighestEnemyArmyThreat",
            "string0": "AntiSurface",
            "compare0": "<",
            "value0": 840
          },
          {
            "test_type": "UnitPoolCount",
            "unit_type_string0": "Bot & Deconstruction",
            "compare0": ">=",
            "value0": 1
          },
          {
            "test_type": "CanAttackWithPoolUnitsLand",
            "string0": "WL_AnySurface",
            "string1": "WL_AnySurface",
            "unit_type_string0": "Mobile | Structure"
          }
        ]
      ],
      "task_type": "LandAttack"
    },
    {
      "name": "Platoon - Swarm Raid Platoon Medium",
      "to_build": "Swarm_Raid_Medium",
      "instance_count": 1,
      "priority": 108,
      "build_conditions": [
        [
          {
            "test_type": "HasPersonalityTag",
            "string0": "Platoon",
            "boolean": true
          },
          {
            "test_type": "EnemySurfacePresenceOnPlanet",
            "boolean": true
          },
          {
            "test_type": "HasPersonalityTag",
            "string0": "Tutorial",
            "boolean": false
          },
          {
            "test_type": "PlanetHighestEnemyArmyThreat",
            "string0": "AntiSurface",
            "compare0": "<",
            "value0": 2800
          },
          {
            "test_type": "UnitPoolCount",
            "unit_type_string0": "Bot & Deconstruction",
            "compare0": ">=",
            "value0": 4
          },
          {
            "test_type": "CanAttackWithPoolUnitsLand",
            "string0": "WL_AnySurface",
            "string1": "WL_AnySurface",
            "unit_type_string0": "Mobile | Structure"
          }
        ]
      ],
      "task_type": "LandAttack"
    },
    {
      "name": "Platoon - Swarm Raid Platoon Large",
      "to_build": "Swarm_Raid_Large",
      "instance_count": 1,
      "priority": 107,
      "build_conditions": [
        [
          {
            "test_type": "HasPersonalityTag",
            "string0": "Platoon",
            "boolean": true
          },
          {
            "test_type": "EnemySurfacePresenceOnPlanet",
            "boolean": true
          },
          {
            "test_type": "HasPersonalityTag",
            "string0": "Tutorial",
            "boolean": false
          },
          {
            "test_type": "PlanetHighestEnemyArmyThreat",
            "string0": "AntiSurface",
            "compare0": "<",
            "value0": 5600
          },
          {
            "test_type": "UnitPoolCount",
            "unit_type_string0": "Bot & Deconstruction",
            "compare0": ">=",
            "value0": 10
          },
          {
            "test_type": "CanAttackWithPoolUnitsLand",
            "string0": "WL_AnySurface",
            "string1": "WL_AnySurface",
            "unit_type_string0": "Mobile | Structure"
          }
        ]
      ],
      "task_type": "LandAttack"
    },
    {
      "name": "Platoon - Swarm Raid Platoon XLarge",
      "to_build": "Swarm_Raid_XLarge",
      "instance_count": 1,
      "priority": 106,
      "build_conditions": [
        [
          {
            "test_type": "HasPersonalityTag",
            "string0": "Platoon",
            "boolean": true
          },
          {
            "test_type": "EnemySurfacePresenceOnPlanet",
            "boolean": true
          },
          {
            "test_type": "HasPersonalityTag",
            "string0": "Tutorial",
            "boolean": false
          },
          {
            "test_type": "PlanetHighestEnemyArmyThreat",
            "string0": "AntiSurface",
            "compare0": "<",
            "value0": 11200
          },
          {
            "test_type": "UnitPoolCount",
            "unit_type_string0": "Bot & Deconstruction",
            "compare0": ">=",
            "value0": 20
          },
          {
            "test_type": "CanAttackWithPoolUnitsLand",
            "string0": "WL_AnySurface",
            "string1": "WL_AnySurface",
            "unit_type_string0": "Mobile | Structure"
          }
        ]
      ],
      "task_type": "LandAttack"
    },
    {
      "name": "Platoon - Boom Raid Platoon Small",
      "to_build": "Boom_Raid_Small",
      "instance_count": 1,
      "priority": 109,
      "build_conditions": [
        [
          {
            "test_type": "HasPersonalityTag",
            "string0": "Platoon",
            "boolean": true
          },
          {
            "test_type": "EnemySurfacePresenceOnPlanet",
            "boolean": true
          },
          {
            "test_type": "HasPersonalityTag",
            "string0": "Tutorial",
            "boolean": false
          },
          {
            "test_type": "PlanetHighestEnemyArmyThreat",
            "string0": "AntiSurface",
            "compare0": "<",
            "value0": 840
          },
          {
            "test_type": "UnitPoolCount",
            "unit_type_string0": "Bot & SelfDestruct",
            "compare0": ">=",
            "value0": 1
          },
          {
            "test_type": "CanAttackWithPoolUnitsLand",
            "string0": "WL_AnySurface",
            "string1": "WL_AnySurface",
            "unit_type_string0": "Mobile | Structure"
          }
        ]
      ],
      "task_type": "LandAttack"
    },
    {
      "name": "Platoon - Boom Raid Platoon Medium",
      "to_build": "Boom_Raid_Medium",
      "instance_count": 1,
      "priority": 108,
      "build_conditions": [
        [
          {
            "test_type": "HasPersonalityTag",
            "string0": "Platoon",
            "boolean": true
          },
          {
            "test_type": "EnemySurfacePresenceOnPlanet",
            "boolean": true
          },
          {
            "test_type": "HasPersonalityTag",
            "string0": "Tutorial",
            "boolean": false
          },
          {
            "test_type": "PlanetHighestEnemyArmyThreat",
            "string0": "AntiSurface",
            "compare0": "<",
            "value0": 2800
          },
          {
            "test_type": "UnitPoolCount",
            "unit_type_string0": "Bot & SelfDestruct",
            "compare0": ">=",
            "value0": 4
          },
          {
            "test_type": "CanAttackWithPoolUnitsLand",
            "string0": "WL_AnySurface",
            "string1": "WL_AnySurface",
            "unit_type_string0": "Mobile | Structure"
          }
        ]
      ],
      "task_type": "LandAttack"
    },
    {
      "name": "Platoon - Boom Raid Platoon Large",
      "to_build": "Boom_Raid_Large",
      "instance_count": 1,
      "priority": 107,
      "build_conditions": [
        [
          {
            "test_type": "HasPersonalityTag",
            "string0": "Platoon",
            "boolean": true
          },
          {
            "test_type": "EnemySurfacePresenceOnPlanet",
            "boolean": true
          },
          {
            "test_type": "HasPersonalityTag",
            "string0": "Tutorial",
            "boolean": false
          },
          {
            "test_type": "PlanetHighestEnemyArmyThreat",
            "string0": "AntiSurface",
            "compare0": "<",
            "value0": 5600
          },
          {
            "test_type": "UnitPoolCount",
            "unit_type_string0": "Bot & SelfDestruct",
            "compare0": ">=",
            "value0": 10
          },
          {
            "test_type": "CanAttackWithPoolUnitsLand",
            "string0": "WL_AnySurface",
            "string1": "WL_AnySurface",
            "unit_type_string0": "Mobile | Structure"
          }
        ]
      ],
      "task_type": "LandAttack"
    },
    {
      "name": "Platoon - Boom Raid Platoon XLarge",
      "to_build": "Boom_Raid_XLarge",
      "instance_count": 1,
      "priority": 106,
      "build_conditions": [
        [
          {
            "test_type": "HasPersonalityTag",
            "string0": "Platoon",
            "boolean": true
          },
          {
            "test_type": "EnemySurfacePresenceOnPlanet",
            "boolean": true
          },
          {
            "test_type": "HasPersonalityTag",
            "string0": "Tutorial",
            "boolean": false
          },
          {
            "test_type": "PlanetHighestEnemyArmyThreat",
            "string0": "AntiSurface",
            "compare0": "<",
            "value0": 11200
          },
          {
            "test_type": "UnitPoolCount",
            "unit_type_string0": "Bot & SelfDestruct",
            "compare0": ">=",
            "value0": 20
          },
          {
            "test_type": "CanAttackWithPoolUnitsLand",
            "string0": "WL_AnySurface",
            "string1": "WL_AnySurface",
            "unit_type_string0": "Mobile | Structure"
          }
        ]
      ],
      "task_type": "LandAttack"
    },
    {
      "name": "Platoon - Land Attack Platoon Small",
      "to_build": "Land_Attack_Small",
      "instance_count": -1,
      "priority": 104,
      "build_conditions": [
        [
          {
            "test_type": "HasPersonalityTag",
            "string0": "Platoon",
            "boolean": true
          },
          {
            "test_type": "EnemySurfacePresenceOnPlanet",
            "boolean": true
          },
          {
            "test_type": "PlanetHighestEnemyArmyThreat",
            "string0": "AntiSurface",
            "compare0": "<",
            "value0": 840
          },
          {
            "test_type": "UnitPoolCount",
            "unit_type_string0": "((Tank | Bot) & Mobile) - Fabber - AirDefense - OrbitalDefense - Construction - Deconstruction - Titan",
            "compare0": ">=",
            "value0": 1
          },
          {
            "test_type": "CanAttackWithPoolUnitsLand",
            "string0": "WL_AnySurface",
            "string1": "WL_AnySurface",
            "unit_type_string0": "Mobile | Structure"
          }
        ]
      ],
      "task_type": "LandAttack"
    },
    {
      "name": "Platoon - Land Attack Platoon Medium",
      "to_build": "Land_Attack_Medium",
      "instance_count": -1,
      "priority": 103,
      "build_conditions": [
        [
          {
            "test_type": "HasPersonalityTag",
            "string0": "Platoon",
            "boolean": true
          },
          {
            "test_type": "EnemySurfacePresenceOnPlanet",
            "boolean": true
          },
          {
            "test_type": "HasPersonalityTag",
            "string0": "Tutorial",
            "boolean": false
          },
          {
            "test_type": "PlanetHighestEnemyArmyThreat",
            "string0": "AntiSurface",
            "compare0": "<",
            "value0": 2800
          },
          {
            "test_type": "UnitPoolCount",
            "unit_type_string0": "((Tank | Bot) & Mobile) - Fabber - AirDefense - OrbitalDefense - Construction - Deconstruction - Titan",
            "compare0": ">=",
            "value0": 4
          },
          {
            "test_type": "CanAttackWithPoolUnitsLand",
            "string0": "WL_AnySurface",
            "string1": "WL_AnySurface",
            "unit_type_string0": "Mobile | Structure"
          }
        ]
      ],
      "task_type": "LandAttack"
    },
    {
      "name": "Platoon - Land Attack Platoon Large",
      "to_build": "Land_Attack_Large",
      "instance_count": -1,
      "priority": 102,
      "build_conditions": [
        [
          {
            "test_type": "HasPersonalityTag",
            "string0": "Platoon",
            "boolean": true
          },
          {
            "test_type": "EnemySurfacePresenceOnPlanet",
            "boolean": true
          },
          {
            "test_type": "HasPersonalityTag",
            "string0": "Tutorial",
            "boolean": false
          },
          {
            "test_type": "PlanetHighestEnemyArmyThreat",
            "string0": "AntiSurface",
            "compare0": "<",
            "value0": 5600
          },
          {
            "test_type": "UnitPoolCount",
            "unit_type_string0": "((Tank | Bot) & Mobile) - Fabber - AirDefense - OrbitalDefense - Construction - Deconstruction - Titan",
            "compare0": ">=",
            "value0": 10
          },
          {
            "test_type": "CanAttackWithPoolUnitsLand",
            "string0": "WL_AnySurface",
            "string1": "WL_AnySurface",
            "unit_type_string0": "Mobile | Structure"
          }
        ]
      ],
      "task_type": "LandAttack"
    },
    {
      "name": "Platoon - Land Attack Platoon XLarge",
      "to_build": "Land_Attack_XLarge",
      "instance_count": -1,
      "priority": 101,
      "build_conditions": [
        [
          {
            "test_type": "HasPersonalityTag",
            "string0": "Platoon",
            "boolean": true
          },
          {
            "test_type": "EnemySurfacePresenceOnPlanet",
            "boolean": true
          },
          {
            "test_type": "HasPersonalityTag",
            "string0": "Tutorial",
            "boolean": false
          },
          {
            "test_type": "PlanetHighestEnemyArmyThreat",
            "string0": "AntiSurface",
            "compare0": "<",
            "value0": 11200
          },
          {
            "test_type": "UnitPoolCount",
            "unit_type_string0": "((Tank | Bot) & Mobile) - Fabber - AirDefense - OrbitalDefense - Construction - Deconstruction - Titan",
            "compare0": ">=",
            "value0": 20
          },
          {
            "test_type": "CanAttackWithPoolUnitsLand",
            "string0": "WL_AnySurface",
            "string1": "WL_AnySurface",
            "unit_type_string0": "Mobile | Structure"
          }
        ]
      ],
      "task_type": "LandAttack"
    }
  ]
}
