{
  "build_list": [
    {
      "name": "Platoon - Bomber-Gunship Attack Platoon Small",
      "to_build": "BomberGunship_Attack_Small",
      "instance_count": -1,
      "priority": 104,
      "build_conditions": [
        [
          {
            "test_type": "HasPersonalityTag",
            "string0": "Platoon",
            "boolean": true
          },
          {
            "test_type": "EnemySurfacePresenceOnPlanet",
            "boolean": true
          },
          {
            "test_type": "PlanetHighestEnemyArmyThreat",
            "string0": "AntiAir",
            "compare0": "<=",
            "value0": 400
          },
          {
            "test_type": "UnitPoolCount",
            "unit_type_string0": "Air & ((Bomber & Basic) | Gunship) - Titan",
            "compare0": ">=",
            "value0": 1
          },
          {
            "test_type": "CanAttackWithPoolUnitsBomber",
            "string0": "WL_AnySurface",
            "string1": "WL_Air",
            "unit_type_string0": "Mobile | Structure"
          }
        ],
        [
          {
            "test_type": "HasPersonalityTag",
            "string0": "Platoon",
            "boolean": true
          },
          {
            "test_type": "EnemySurfacePresenceOnPlanet",
            "boolean": true
          },
          {
            "test_type": "PlanetHighestEnemyArmyThreat",
            "string0": "Air",
            "compare0": "<",
            "value0": 150
          },
          {
            "test_type": "UnitPoolCount",
            "unit_type_string0": "Air & ((Bomber & Basic) | Gunship) - Titan",
            "compare0": ">=",
            "value0": 1
          },
          {
            "test_type": "CanAttackWithPoolUnitsBomber",
            "string0": "WL_AnySurface",
            "string1": "WL_Air",
            "unit_type_string0": "Mobile | Structure"
          }
        ]
      ],
      "task_type": "BomberAttack"
    },
    {
      "name": "Platoon - Bomber-Gunship Attack Platoon Medium",
      "to_build": "BomberGunship_Attack_Medium",
      "instance_count": -1,
      "priority": 103,
      "build_conditions": [
        [
          {
            "test_type": "HasPersonalityTag",
            "string0": "Platoon",
            "boolean": true
          },
          {
            "test_type": "EnemySurfacePresenceOnPlanet",
            "boolean": true
          },
          {
            "test_type": "PlanetHighestEnemyArmyThreat",
            "string0": "AntiAir",
            "compare0": "<=",
            "value0": 720
          },
          {
            "test_type": "UnitPoolCount",
            "unit_type_string0": "Air & ((Bomber & Basic) | Gunship) - Titan",
            "compare0": ">=",
            "value0": 4
          },
          {
            "test_type": "CanAttackWithPoolUnitsBomber",
            "string0": "WL_AnySurface",
            "string1": "WL_Air",
            "unit_type_string0": "Mobile | Structure"
          }
        ],
        [
          {
            "test_type": "HasPersonalityTag",
            "string0": "Platoon",
            "boolean": true
          },
          {
            "test_type": "EnemySurfacePresenceOnPlanet",
            "boolean": true
          },
          {
            "test_type": "PlanetHighestEnemyArmyThreat",
            "string0": "Air",
            "compare0": "<=",
            "value0": 600
          },
          {
            "test_type": "UnitPoolCount",
            "unit_type_string0": "Air & ((Bomber & Basic) | Gunship) - Titan",
            "compare0": ">=",
            "value0": 4
          },
          {
            "test_type": "CanAttackWithPoolUnitsBomber",
            "string0": "WL_AnySurface",
            "string1": "WL_Air",
            "unit_type_string0": "Mobile | Structure"
          }
        ]
      ],
      "task_type": "BomberAttack"
    },
    {
      "name": "Platoon - Bomber-Gunship Attack Platoon Large",
      "to_build": "BomberGunship_Attack_Large",
      "instance_count": -1,
      "priority": 102,
      "build_conditions": [
        [
          {
            "test_type": "HasPersonalityTag",
            "string0": "Platoon",
            "boolean": true
          },
          {
            "test_type": "EnemySurfacePresenceOnPlanet",
            "boolean": true
          },
          {
            "test_type": "PlanetHighestEnemyArmyThreat",
            "string0": "AntiAir",
            "compare0": "<=",
            "value0": 1200
          },
          {
            "test_type": "UnitPoolCount",
            "unit_type_string0": "Air & ((Bomber & Basic) | Gunship) - Titan",
            "compare0": ">=",
            "value0": 10
          },
          {
            "test_type": "CanAttackWithPoolUnitsBomber",
            "string0": "WL_AnySurface",
            "string1": "WL_Air",
            "unit_type_string0": "Mobile | Structure"
          }
        ],
        [
          {
            "test_type": "HasPersonalityTag",
            "string0": "Platoon",
            "boolean": true
          },
          {
            "test_type": "EnemySurfacePresenceOnPlanet",
            "boolean": true
          },
          {
            "test_type": "PlanetHighestEnemyArmyThreat",
            "string0": "Air",
            "compare0": "<=",
            "value0": 1500
          },
          {
            "test_type": "UnitPoolCount",
            "unit_type_string0": "Air & ((Bomber & Basic) | Gunship) - Titan",
            "compare0": ">=",
            "value0": 10
          },
          {
            "test_type": "CanAttackWithPoolUnitsBomber",
            "string0": "WL_AnySurface",
            "string1": "WL_Air",
            "unit_type_string0": "Mobile | Structure"
          }
        ]
      ],
      "task_type": "BomberAttack"
    },
    {
      "name": "Platoon - Bomber-Gunship Attack Platoon XLarge",
      "to_build": "BomberGunship_Attack_XLarge",
      "instance_count": -1,
      "priority": 101,
      "build_conditions": [
        [
          {
            "test_type": "HasPersonalityTag",
            "string0": "Platoon",
            "boolean": true
          },
          {
            "test_type": "EnemySurfacePresenceOnPlanet",
            "boolean": true
          },
          {
            "test_type": "PlanetHighestEnemyArmyThreat",
            "string0": "AntiAir",
            "compare0": "<=",
            "value0": 2000
          },
          {
            "test_type": "UnitPoolCount",
            "unit_type_string0": "Air & ((Bomber & Basic) | Gunship) - Titan",
            "compare0": ">=",
            "value0": 20
          },
          {
            "test_type": "CanAttackWithPoolUnitsBomber",
            "string0": "WL_AnySurface",
            "string1": "WL_Air",
            "unit_type_string0": "Mobile | Structure"
          }
        ],
        [
          {
            "test_type": "HasPersonalityTag",
            "string0": "Platoon",
            "boolean": true
          },
          {
            "test_type": "EnemySurfacePresenceOnPlanet",
            "boolean": true
          },
          {
            "test_type": "PlanetHighestEnemyArmyThreat",
            "string0": "Air",
            "compare0": "<=",
            "value0": 3000
          },
          {
            "test_type": "UnitPoolCount",
            "unit_type_string0": "Air & ((Bomber & Basic) | Gunship) - Titan",
            "compare0": ">=",
            "value0": 20
          },
          {
            "test_type": "CanAttackWithPoolUnitsBomber",
            "string0": "WL_AnySurface",
            "string1": "WL_Air",
            "unit_type_string0": "Mobile | Structure"
          }
        ]
      ],
      "task_type": "BomberAttack"
    },
    {
      "name": "Platoon - Heavy Bomber Attack Platoon Small",
      "to_build": "BomberGunship_Attack_Small",
      "instance_count": -1,
      "priority": 104,
      "build_conditions": [
        [
          {
            "test_type": "HasPersonalityTag",
            "string0": "Platoon",
            "boolean": true
          },
          {
            "test_type": "EnemySurfacePresenceOnPlanet",
            "boolean": true
          },
          {
            "test_type": "PlanetHighestEnemyArmyThreat",
            "string0": "AntiAir",
            "compare0": "<=",
            "value0": 400
          },
          {
            "test_type": "UnitPoolCount",
            "unit_type_string0": "Air & Bomber & Advanced - Titan",
            "compare0": ">=",
            "value0": 1
          },
          {
            "test_type": "CanAttackWithPoolUnitsBomber",
            "string0": "WL_AnySurface",
            "string1": "WL_Air",
            "unit_type_string0": "Mobile | Structure"
          }
        ],
        [
          {
            "test_type": "HasPersonalityTag",
            "string0": "Platoon",
            "boolean": true
          },
          {
            "test_type": "EnemySurfacePresenceOnPlanet",
            "boolean": true
          },
          {
            "test_type": "PlanetHighestEnemyArmyThreat",
            "string0": "Air",
            "compare0": "<",
            "value0": 150
          },
          {
            "test_type": "UnitPoolCount",
            "unit_type_string0": "Air & Bomber & Advanced - Titan",
            "compare0": ">=",
            "value0": 1
          },
          {
            "test_type": "CanAttackWithPoolUnitsBomber",
            "string0": "WL_AnySurface",
            "string1": "WL_Air",
            "unit_type_string0": "Mobile | Structure"
          }
        ]
      ],
      "task_type": "BomberAttack"
    },
    {
      "name": "Platoon - Heavy Bomber Attack Platoon Medium",
      "to_build": "BomberGunship_Attack_Medium",
      "instance_count": -1,
      "priority": 103,
      "build_conditions": [
        [
          {
            "test_type": "HasPersonalityTag",
            "string0": "Platoon",
            "boolean": true
          },
          {
            "test_type": "EnemySurfacePresenceOnPlanet",
            "boolean": true
          },
          {
            "test_type": "PlanetHighestEnemyArmyThreat",
            "string0": "AntiAir",
            "compare0": "<=",
            "value0": 720
          },
          {
            "test_type": "UnitPoolCount",
            "unit_type_string0": "Air & Bomber & Advanced - Titan",
            "compare0": ">=",
            "value0": 4
          },
          {
            "test_type": "CanAttackWithPoolUnitsBomber",
            "string0": "WL_AnySurface",
            "string1": "WL_Air",
            "unit_type_string0": "Mobile | Structure"
          }
        ],
        [
          {
            "test_type": "HasPersonalityTag",
            "string0": "Platoon",
            "boolean": true
          },
          {
            "test_type": "EnemySurfacePresenceOnPlanet",
            "boolean": true
          },
          {
            "test_type": "PlanetHighestEnemyArmyThreat",
            "string0": "Air",
            "compare0": "<=",
            "value0": 600
          },
          {
            "test_type": "UnitPoolCount",
            "unit_type_string0": "Air & Bomber & Advanced - Titan",
            "compare0": ">=",
            "value0": 4
          },
          {
            "test_type": "CanAttackWithPoolUnitsBomber",
            "string0": "WL_AnySurface",
            "string1": "WL_Air",
            "unit_type_string0": "Mobile | Structure"
          }
        ]
      ],
      "task_type": "BomberAttack"
    },
    {
      "name": "Platoon - Heavy Bomber Attack Platoon Large",
      "to_build": "BomberGunship_Attack_Large",
      "instance_count": -1,
      "priority": 102,
      "build_conditions": [
        [
          {
            "test_type": "HasPersonalityTag",
            "string0": "Platoon",
            "boolean": true
          },
          {
            "test_type": "EnemySurfacePresenceOnPlanet",
            "boolean": true
          },
          {
            "test_type": "PlanetHighestEnemyArmyThreat",
            "string0": "AntiAir",
            "compare0": "<=",
            "value0": 1200
          },
          {
            "test_type": "UnitPoolCount",
            "unit_type_string0": "Air & Bomber & Advanced - Titan",
            "compare0": ">=",
            "value0": 10
          },
          {
            "test_type": "CanAttackWithPoolUnitsBomber",
            "string0": "WL_AnySurface",
            "string1": "WL_Air",
            "unit_type_string0": "Mobile | Structure"
          }
        ],
        [
          {
            "test_type": "HasPersonalityTag",
            "string0": "Platoon",
            "boolean": true
          },
          {
            "test_type": "EnemySurfacePresenceOnPlanet",
            "boolean": true
          },
          {
            "test_type": "PlanetHighestEnemyArmyThreat",
            "string0": "Air",
            "compare0": "<=",
            "value0": 1500
          },
          {
            "test_type": "UnitPoolCount",
            "unit_type_string0": "Air & Bomber & Advanced - Titan",
            "compare0": ">=",
            "value0": 10
          },
          {
            "test_type": "CanAttackWithPoolUnitsBomber",
            "string0": "WL_AnySurface",
            "string1": "WL_Air",
            "unit_type_string0": "Mobile | Structure"
          }
        ]
      ],
      "task_type": "BomberAttack"
    },
    {
      "name": "Platoon - Heavy Bomber Attack Platoon XLarge",
      "to_build": "BomberGunship_Attack_XLarge",
      "instance_count": -1,
      "priority": 101,
      "build_conditions": [
        [
          {
            "test_type": "HasPersonalityTag",
            "string0": "Platoon",
            "boolean": true
          },
          {
            "test_type": "EnemySurfacePresenceOnPlanet",
            "boolean": true
          },
          {
            "test_type": "PlanetHighestEnemyArmyThreat",
            "string0": "AntiAir",
            "compare0": "<=",
            "value0": 2000
          },
          {
            "test_type": "UnitPoolCount",
            "unit_type_string0": "Air & Bomber & Advanced - Titan",
            "compare0": ">=",
            "value0": 20
          },
          {
            "test_type": "CanAttackWithPoolUnitsBomber",
            "string0": "WL_AnySurface",
            "string1": "WL_Air",
            "unit_type_string0": "Mobile | Structure"
          }
        ],
        [
          {
            "test_type": "HasPersonalityTag",
            "string0": "Platoon",
            "boolean": true
          },
          {
            "test_type": "EnemySurfacePresenceOnPlanet",
            "boolean": true
          },
          {
            "test_type": "PlanetHighestEnemyArmyThreat",
            "string0": "Air",
            "compare0": "<=",
            "value0": 3000
          },
          {
            "test_type": "UnitPoolCount",
            "unit_type_string0": "Air & Bomber & Advanced - Titan",
            "compare0": ">=",
            "value0": 20
          },
          {
            "test_type": "CanAttackWithPoolUnitsBomber",
            "string0": "WL_AnySurface",
            "string1": "WL_Air",
            "unit_type_string0": "Mobile | Structure"
          }
        ]
      ],
      "task_type": "BomberAttack"
    },
    {
      "name": "Platoon - Fighter Attack Platoon Small",
      "to_build": "Fighter_Attack_Small",
      "instance_count": 1,
      "priority": 104,
      "build_conditions": [
        [
          {
            "test_type": "HasPersonalityTag",
            "string0": "Platoon",
            "boolean": true
          },
          {
            "test_type": "EnemyAirPresenceOnPlanet",
            "boolean": true
          },
          {
            "test_type": "PlanetHighestEnemyArmyThreat",
            "string0": "AntiAir",
            "compare0": "<=",
            "value0": 400
          },
          {
            "test_type": "UnitPoolCount",
            "unit_type_string0": "Air & Fighter",
            "compare0": ">=",
            "value0": 1
          },
          {
            "test_type": "CanAttackWithPoolUnitsFighter",
            "string0": "WL_Air",
            "string1": "WL_Air",
            "unit_type_string0": "Mobile | Structure"
          }
        ],
        [
          {
            "test_type": "HasPersonalityTag",
            "string0": "Platoon",
            "boolean": true
          },
          {
            "test_type": "EnemyAirPresenceOnPlanet",
            "boolean": true
          },
          {
            "test_type": "PlanetHighestEnemyArmyThreat",
            "string0": "AntiAir",
            "compare0": "<=",
            "value0": 400
          },
          {
            "test_type": "UnitPoolCount",
            "unit_type_string0": "Air & Fighter",
            "compare0": ">=",
            "value0": 1
          },
          {
            "test_type": "CanProvideAirSupportWithPoolUnits",
            "string0": "fighter_attack",
            "string1": "WL_Air",
            "string2": "WL_Air",
            "unit_type_string0": "Mobile | Structure"
          }
        ],
        [
          {
            "test_type": "HasPersonalityTag",
            "string0": "Platoon",
            "boolean": true
          },
          {
            "test_type": "EnemyAirPresenceOnPlanet",
            "boolean": true
          },
          {
            "test_type": "PlanetHighestEnemyArmyThreat",
            "string0": "Air",
            "compare0": "<",
            "value0": 150
          },
          {
            "test_type": "UnitPoolCount",
            "unit_type_string0": "Air & Fighter",
            "compare0": ">=",
            "value0": 1
          },
          {
            "test_type": "CanAttackWithPoolUnitsFighter",
            "string0": "WL_Air",
            "string1": "WL_Air",
            "unit_type_string0": "Mobile | Structure"
          }
        ],
        [
          {
            "test_type": "HasPersonalityTag",
            "string0": "Platoon",
            "boolean": true
          },
          {
            "test_type": "EnemyAirPresenceOnPlanet",
            "boolean": true
          },
          {
            "test_type": "PlanetHighestEnemyArmyThreat",
            "string0": "Air",
            "compare0": "<",
            "value0": 150
          },
          {
            "test_type": "UnitPoolCount",
            "unit_type_string0": "Air & Fighter",
            "compare0": ">=",
            "value0": 1
          },
          {
            "test_type": "CanProvideAirSupportWithPoolUnits",
            "string0": "fighter_attack",
            "string1": "WL_Air",
            "string2": "WL_Air",
            "unit_type_string0": "Mobile | Structure"
          }
        ]
      ],
      "task_type": "FighterAttack"
    },
    {
      "name": "Platoon - Fighter Attack Platoon Medium",
      "to_build": "Fighter_Attack_Medium",
      "instance_count": 1,
      "priority": 103,
      "build_conditions": [
        [
          {
            "test_type": "HasPersonalityTag",
            "string0": "Platoon",
            "boolean": true
          },
          {
            "test_type": "EnemyAirPresenceOnPlanet",
            "boolean": true
          },
          {
            "test_type": "PlanetHighestEnemyArmyThreat",
            "string0": "AntiAir",
            "compare0": "<=",
            "value0": 720
          },
          {
            "test_type": "UnitPoolCount",
            "unit_type_string0": "Air & Fighter",
            "compare0": ">=",
            "value0": 4
          },
          {
            "test_type": "CanAttackWithPoolUnitsFighter",
            "string0": "WL_Air",
            "string1": "WL_Air",
            "unit_type_string0": "Mobile | Structure"
          }
        ],
        [
          {
            "test_type": "HasPersonalityTag",
            "string0": "Platoon",
            "boolean": true
          },
          {
            "test_type": "EnemyAirPresenceOnPlanet",
            "boolean": true
          },
          {
            "test_type": "PlanetHighestEnemyArmyThreat",
            "string0": "AntiAir",
            "compare0": "<=",
            "value0": 720
          },
          {
            "test_type": "UnitPoolCount",
            "unit_type_string0": "Air & Fighter",
            "compare0": ">=",
            "value0": 4
          },
          {
            "test_type": "CanProvideAirSupportWithPoolUnits",
            "string0": "fighter_attack",
            "string1": "WL_Air",
            "string2": "WL_Air",
            "unit_type_string0": "Mobile | Structure"
          }
        ],
        [
          {
            "test_type": "HasPersonalityTag",
            "string0": "Platoon",
            "boolean": true
          },
          {
            "test_type": "EnemyAirPresenceOnPlanet",
            "boolean": true
          },
          {
            "test_type": "PlanetHighestEnemyArmyThreat",
            "string0": "Air",
            "compare0": "<=",
            "value0": 600
          },
          {
            "test_type": "UnitPoolCount",
            "unit_type_string0": "Air & Fighter",
            "compare0": ">=",
            "value0": 4
          },
          {
            "test_type": "CanAttackWithPoolUnitsFighter",
            "string0": "WL_Air",
            "string1": "WL_Air",
            "unit_type_string0": "Mobile | Structure"
          }
        ],
        [
          {
            "test_type": "HasPersonalityTag",
            "string0": "Platoon",
            "boolean": true
          },
          {
            "test_type": "EnemyAirPresenceOnPlanet",
            "boolean": true
          },
          {
            "test_type": "PlanetHighestEnemyArmyThreat",
            "string0": "Air",
            "compare0": "<=",
            "value0": 600
          },
          {
            "test_type": "UnitPoolCount",
            "unit_type_string0": "Air & Fighter",
            "compare0": ">=",
            "value0": 4
          },
          {
            "test_type": "CanProvideAirSupportWithPoolUnits",
            "string0": "fighter_attack",
            "string1": "WL_Air",
            "string2": "WL_Air",
            "unit_type_string0": "Mobile | Structure"
          }
        ]
      ],
      "task_type": "FighterAttack"
    },
    {
      "name": "Platoon - Fighter Attack Platoon Large",
      "to_build": "Fighter_Attack_Large",
      "instance_count": 1,
      "priority": 102,
      "build_conditions": [
        [
          {
            "test_type": "HasPersonalityTag",
            "string0": "Platoon",
            "boolean": true
          },
          {
            "test_type": "EnemyAirPresenceOnPlanet",
            "boolean": true
          },
          {
            "test_type": "PlanetHighestEnemyArmyThreat",
            "string0": "AntiAir",
            "compare0": "<=",
            "value0": 1200
          },
          {
            "test_type": "UnitPoolCount",
            "unit_type_string0": "Air & Fighter",
            "compare0": ">=",
            "value0": 10
          },
          {
            "test_type": "CanAttackWithPoolUnitsFighter",
            "string0": "WL_Air",
            "string1": "WL_Air",
            "unit_type_string0": "Mobile | Structure"
          }
        ],
        [
          {
            "test_type": "HasPersonalityTag",
            "string0": "Platoon",
            "boolean": true
          },
          {
            "test_type": "EnemyAirPresenceOnPlanet",
            "boolean": true
          },
          {
            "test_type": "PlanetHighestEnemyArmyThreat",
            "string0": "AntiAir",
            "compare0": "<=",
            "value0": 1200
          },
          {
            "test_type": "UnitPoolCount",
            "unit_type_string0": "Air & Fighter",
            "compare0": ">=",
            "value0": 10
          },
          {
            "test_type": "CanProvideAirSupportWithPoolUnits",
            "string0": "fighter_attack",
            "string1": "WL_Air",
            "string2": "WL_Air",
            "unit_type_string0": "Mobile | Structure"
          }
        ],
        [
          {
            "test_type": "HasPersonalityTag",
            "string0": "Platoon",
            "boolean": true
          },
          {
            "test_type": "EnemyAirPresenceOnPlanet",
            "boolean": true
          },
          {
            "test_type": "PlanetHighestEnemyArmyThreat",
            "string0": "Air",
            "compare0": "<=",
            "value0": 1500
          },
          {
            "test_type": "UnitPoolCount",
            "unit_type_string0": "Air & Fighter",
            "compare0": ">=",
            "value0": 10
          },
          {
            "test_type": "CanAttackWithPoolUnitsFighter",
            "string0": "WL_Air",
            "string1": "WL_Air",
            "unit_type_string0": "Mobile | Structure"
          }
        ],
        [
          {
            "test_type": "HasPersonalityTag",
            "string0": "Platoon",
            "boolean": true
          },
          {
            "test_type": "EnemyAirPresenceOnPlanet",
            "boolean": true
          },
          {
            "test_type": "PlanetHighestEnemyArmyThreat",
            "string0": "Air",
            "compare0": "<=",
            "value0": 1500
          },
          {
            "test_type": "UnitPoolCount",
            "unit_type_string0": "Air & Fighter",
            "compare0": ">=",
            "value0": 10
          },
          {
            "test_type": "CanProvideAirSupportWithPoolUnits",
            "string0": "fighter_attack",
            "string1": "WL_Air",
            "string2": "WL_Air",
            "unit_type_string0": "Mobile | Structure"
          }
        ]
      ],
      "task_type": "FighterAttack"
    },
    {
      "name": "Platoon - Fighter Attack Platoon XLarge",
      "to_build": "Fighter_Attack_XLarge",
      "instance_count": 1,
      "priority": 101,
      "build_conditions": [
        [
          {
            "test_type": "HasPersonalityTag",
            "string0": "Platoon",
            "boolean": true
          },
          {
            "test_type": "EnemyAirPresenceOnPlanet",
            "boolean": true
          },
          {
            "test_type": "PlanetHighestEnemyArmyThreat",
            "string0": "AntiAir",
            "compare0": "<=",
            "value0": 2000
          },
          {
            "test_type": "UnitPoolCount",
            "unit_type_string0": "Air & Fighter",
            "compare0": ">=",
            "value0": 20
          },
          {
            "test_type": "CanAttackWithPoolUnitsFighter",
            "string0": "WL_Air",
            "string1": "WL_Air",
            "unit_type_string0": "Mobile | Structure"
          }
        ],
        [
          {
            "test_type": "HasPersonalityTag",
            "string0": "Platoon",
            "boolean": true
          },
          {
            "test_type": "EnemyAirPresenceOnPlanet",
            "boolean": true
          },
          {
            "test_type": "PlanetHighestEnemyArmyThreat",
            "string0": "AntiAir",
            "compare0": "<=",
            "value0": 2000
          },
          {
            "test_type": "UnitPoolCount",
            "unit_type_string0": "Air & Fighter",
            "compare0": ">=",
            "value0": 20
          },
          {
            "test_type": "CanProvideAirSupportWithPoolUnits",
            "string0": "fighter_attack",
            "string1": "WL_Air",
            "string2": "WL_Air",
            "unit_type_string0": "Mobile | Structure"
          }
        ],
        [
          {
            "test_type": "HasPersonalityTag",
            "string0": "Platoon",
            "boolean": true
          },
          {
            "test_type": "EnemyAirPresenceOnPlanet",
            "boolean": true
          },
          {
            "test_type": "PlanetHighestEnemyArmyThreat",
            "string0": "Air",
            "compare0": "<=",
            "value0": 3000
          },
          {
            "test_type": "UnitPoolCount",
            "unit_type_string0": "Air & Fighter",
            "compare0": ">=",
            "value0": 20
          },
          {
            "test_type": "CanAttackWithPoolUnitsFighter",
            "string0": "WL_Air",
            "string1": "WL_Air",
            "unit_type_string0": "Mobile | Structure"
          }
        ],
        [
          {
            "test_type": "HasPersonalityTag",
            "string0": "Platoon",
            "boolean": true
          },
          {
            "test_type": "EnemyAirPresenceOnPlanet",
            "boolean": true
          },
          {
            "test_type": "PlanetHighestEnemyArmyThreat",
            "string0": "Air",
            "compare0": "<=",
            "value0": 3000
          },
          {
            "test_type": "UnitPoolCount",
            "unit_type_string0": "Air & Fighter",
            "compare0": ">=",
            "value0": 20
          },
          {
            "test_type": "CanProvideAirSupportWithPoolUnits",
            "string0": "fighter_attack",
            "string1": "WL_Air",
            "string2": "WL_Air",
            "unit_type_string0": "Mobile | Structure"
          }
        ]
      ],
      "task_type": "FighterAttack"
    }
  ]
}
