{"platoon_templates":{"Land_Attack_Tutorial":{"units":[{"unit_types":"(Bot & Mobile) - Fabber - AirDefense - Construction - Artillery - Heavy - SelfDestruct - Deconstruction - Titan","min_count":0,"max_count":-1,"squad":"Fast"},{"unit_types":"((Tank | Bot) & Mobile) - Fabber - AirDefense - Construction - Artillery - Heavy - Scout - SelfDestruct - Deconstruction - Titan","min_count":0,"max_count":-1,"squad":"General"},{"unit_types":"(((Tank | Bot) & Mobile) & Artillery) - Titan","min_count":0,"percent":0.35,"squad":"Artillery"},{"unit_types":"((Tank | Bot) & Mobile) & (Heavy | SelfDestruct | Deconstruction) - Titan","min_count":0,"percent":0.5,"squad":"Close"},{"unit_types":"((Tank | Bot) & Mobile) & (AirDefense | Construction) - Titan","min_count":0,"percent":0.2,"squad":"Defense"},{"unit_types":"Land & Scout - Titan","min_count":1,"percent":0.5,"squad":"Defense"}]},"Land_Attack_Titan":{"units":[{"unit_types":"(Tank | Bot) & Mobile & Titan","min_count":1,"max_count":-1,"squad":"General"}]},"Air_Scout":{"units":[{"unit_types":"Air & Scout","max_count":1}]},"Vehicle_Scout":{"units":[{"unit_types":"Tank & Scout","max_count":1}]},"Bot_Scout":{"units":[{"unit_types":"(Bot & Mobile) - Fabber - AirDefense - Construction - Artillery - Heavy - SelfDestruct - Deconstruction - Titan","max_count":1}]},"BomberGunship_Attack_Small":{"units":[{"unit_types":"Air & (Bomber | Gunship | Titan)","min_count":1,"max_count":3},{"unit_types":"Air & MissileDefense","min_count":0,"percent":0.15,"squad":"Defense"},{"unit_types":"Air & Fighter","min_count":0,"percent":0.25,"squad":"Escort"}]},"BomberGunship_Attack_Medium":{"units":[{"unit_types":"Air & (Bomber | Gunship | Titan)","min_count":4,"max_count":9},{"unit_types":"Air & MissileDefense","min_count":0,"percent":0.15,"squad":"Defense"},{"unit_types":"Air & Fighter","min_count":0,"percent":0.25,"squad":"Escort"}]},"BomberGunship_Attack_Large":{"units":[{"unit_types":"Air & (Bomber | Gunship | Titan)","min_count":10,"max_count":19},{"unit_types":"Air & MissileDefense","min_count":0,"percent":0.15,"squad":"Defense"},{"unit_types":"Air & Fighter","min_count":0,"percent":0.25,"squad":"Escort"}]},"BomberGunship_Attack_XLarge":{"units":[{"unit_types":"Air & (Bomber | Gunship | Titan)","min_count":20,"max_count":39},{"unit_types":"Air & MissileDefense","min_count":0,"percent":0.15,"squad":"Defense"},{"unit_types":"Air & Fighter","min_count":0,"percent":0.25,"squad":"Escort"}]},"BomberGunship_Attack_Max":{"units":[{"unit_types":"Air & (Bomber | Gunship | Titan)","min_count":40,"max_count":-1},{"unit_types":"Air & MissileDefense","min_count":0,"percent":0.15,"squad":"Defense"},{"unit_types":"Air & Fighter","min_count":0,"percent":0.25,"squad":"Escort"}]},"Fighter_Attack_Small":{"units":[{"unit_types":"Air & Fighter","min_count":1,"max_count":3},{"unit_types":"Air & MissileDefense","min_count":0,"percent":0.15,"squad":"Defense"}]},"Fighter_Attack_Medium":{"units":[{"unit_types":"Air & Fighter","min_count":4,"max_count":9},{"unit_types":"Air & MissileDefense","min_count":0,"percent":0.15,"squad":"Defense"}]},"Fighter_Attack_Large":{"units":[{"unit_types":"Air & Fighter","min_count":10,"max_count":19},{"unit_types":"Air & MissileDefense","min_count":0,"percent":0.15,"squad":"Defense"}]},"Fighter_Attack_XLarge":{"units":[{"unit_types":"Air & Fighter","min_count":20,"max_count":39},{"unit_types":"Air & MissileDefense","min_count":0,"percent":0.15,"squad":"Defense"}]},"Fighter_Attack_Max":{"units":[{"unit_types":"Air & Fighter","min_count":40,"max_count":-1},{"unit_types":"Air & MissileDefense","min_count":0,"percent":0.15,"squad":"Defense"}]},"Naval_Attack":{"units":[{"unit_types":"(Naval & Mobile) - Fabber - Construction","min_count":1,"max_count":-1},{"unit_types":"Naval & Mobile & Construction","min_count":0,"percent":0.2,"squad":"Defense"}]},"Orbital_Fighter_Attack":{"units":[{"unit_types":"Orbital & Fighter","min_count":1,"max_count":-1}]},"Orbital_Laser_Attack":{"units":[{"unit_types":"Orbital & LaserPlatform","min_count":1,"max_count":-1}]},"Orbital_Radar":{"units":[{"unit_types":"Orbital & (Recon | Scout) - Structure","max_count":1}]},"Nukes":{"units":[{"unit_types":"Structure & Nuke","min_count":1,"max_count":-1}]},"UnitCannon":{"units":[{"unit_types":"Structure & Artillery & Factory","min_count":1,"max_count":-1}]},"Artillery":{"units":[{"unit_types":"(Structure & (Artillery | Tactical)) - Factory","max_count":1}]}}}